/* Auto-generated by generate_icons.py — Do not edit manually */
#ifndef CGX_APP_ICON_H
#define CGX_APP_ICON_H

#define CGX_ICON_WIDTH 64
#define CGX_ICON_HEIGHT 64

static const unsigned char cgx_app_icon_rgba[64 * 64 * 4] = {
  0x00, 0x00, 0x00, 0x00, 0x00, 0x00, 0x00, 0x00, 0x00, 0x00, 0x00, 0x00, 0x00, 0x00, 0x00, 0x00, 
  0x00, 0x00, 0x00, 0x00, 0x00, 0x00, 0x00, 0x00, 0x00, 0x00, 0x00, 0x00, 0x00, 0x00, 0x00, 0x00, 
  0x00, 0x00, 0x00, 0x00, 0x00, 0x00, 0x00, 0x00, 0x00, 0x00, 0x00, 0x00, 0x00, 0x00, 0x00, 0x00, 
  0x00, 0x00, 0x00, 0x00, 0x00, 0x00, 0x00, 0x00, 0x00, 0x00, 0x00, 0x00, 0x00, 0x00, 0x00, 0x00, 
  0x00, 0x00, 0x00, 0x00, 0x00, 0x00, 0x00, 0x00, 0x00, 0x00, 0x00, 0x00, 0x00, 0x00, 0x00, 0x00, 
  0x00, 0x00, 0x00, 0x00, 0x00, 0x00, 0x00, 0x00, 0x00, 0x00, 0x00, 0x00, 0x00, 0x00, 0x00, 0x00, 
  0x00, 0x00, 0x00, 0x00, 0x00, 0x00, 0x00, 0x00, 0x00, 0x00, 0x00, 0x00, 0x00, 0x00, 0x00, 0x00, 
  0x00, 0x00, 0x00, 0x00, 0x00, 0x00, 0x00, 0x00, 0x00, 0x00, 0x00, 0x00, 0x00, 0x00, 0x00, 0x00, 
  0x00, 0x00, 0x00, 0x00, 0x00, 0x00, 0x00, 0x00, 0x00, 0x00, 0x00, 0x00, 0x00, 0x00, 0x00, 0x00, 
  0x3f, 0x00, 0x00, 0x04, 0x55, 0x00, 0x00, 0x03, 0x00, 0x00, 0x00, 0x00, 0x00, 0x00, 0x00, 0x00, 
  0x00, 0x00, 0x00, 0x00, 0x00, 0x00, 0x00, 0x00, 0x00, 0x00, 0x00, 0x00, 0x00, 0x00, 0x00, 0x00, 
  0x00, 0x00, 0x00, 0x00, 0x00, 0x00, 0x00, 0x00, 0x00, 0x00, 0x00, 0x00, 0x00, 0x00, 0x00, 0x00, 
  0x00, 0x00, 0x00, 0x00, 0x00, 0x00, 0x00, 0x00, 0x00, 0x00, 0x00, 0x00, 0x00, 0x00, 0x00, 0x00, 
  0x00, 0x00, 0x00, 0x00, 0x00, 0x00, 0x00, 0x00, 0x00, 0x00, 0x00, 0x00, 0x00, 0x00, 0x00, 0x00, 
  0x00, 0x00, 0x00, 0x00, 0x00, 0x00, 0x00, 0x00, 0x00, 0x00, 0x00, 0x00, 0x00, 0x00, 0x00, 0x00, 
  0x00, 0x00, 0x00, 0x00, 0x00, 0x00, 0x00, 0x00, 0x00, 0x00, 0x00, 0x00, 0x00, 0x00, 0x00, 0x00, 
  0x00, 0x00, 0x00, 0x00, 0x00, 0x00, 0x00, 0x00, 0x00, 0x00, 0x00, 0x00, 0x00, 0x00, 0x00, 0x00, 
  0x00, 0x00, 0x00, 0x00, 0x00, 0x00, 0x00, 0x00, 0x00, 0x00, 0x00, 0x00, 0x00, 0x00, 0x00, 0x00, 
  0x00, 0x00, 0x00, 0x00, 0x00, 0x00, 0x00, 0x00, 0x00, 0x00, 0x00, 0x00, 0x00, 0x00, 0x00, 0x00, 
  0x00, 0x00, 0x00, 0x00, 0x00, 0x00, 0x00, 0x00, 0x00, 0x00, 0x00, 0x00, 0x00, 0x00, 0x00, 0x00, 
  0x00, 0x00, 0x00, 0x00, 0x00, 0x00, 0x00, 0x00, 0x00, 0x00, 0x00, 0x00, 0x00, 0x00, 0x00, 0x00, 
  0x00, 0x00, 0x00, 0x00, 0x00, 0x00, 0x00, 0x00, 0x00, 0x00, 0x00, 0x00, 0x00, 0x00, 0x00, 0x00, 
  0x00, 0x00, 0x00, 0x00, 0x00, 0x00, 0x00, 0x00, 0x00, 0x00, 0x00, 0x00, 0x00, 0x00, 0x00, 0x00, 
  0x00, 0x00, 0x00, 0x00, 0x00, 0x00, 0x00, 0x00, 0x00, 0x00, 0x00, 0x00, 0x00, 0x00, 0x00, 0x00, 
  0x00, 0x00, 0x00, 0x00, 0x00, 0x00, 0x00, 0x00, 0x00, 0x00, 0x00, 0x00, 0x00, 0x00, 0x00, 0x00, 
  0x00, 0x00, 0x00, 0x00, 0x00, 0x00, 0x00, 0x00, 0x7f, 0x00, 0x00, 0x02, 0x00, 0x00, 0x00, 0x00, 
  0x00, 0x00, 0x00, 0x00, 0x00, 0x00, 0x00, 0x00, 0x00, 0x00, 0x00, 0x00, 0x00, 0x00, 0x00, 0x00, 
  0x00, 0x00, 0x00, 0x00, 0x00, 0x00, 0x00, 0x00, 0x00, 0x00, 0x00, 0x00, 0x00, 0x00, 0x00, 0x00, 
  0x00, 0x00, 0x00, 0x00, 0x00, 0x00, 0x00, 0x00, 0x00, 0x00, 0x00, 0x00, 0x00, 0x00, 0x00, 0x00, 
  0x00, 0x00, 0x00, 0x00, 0x00, 0x00, 0x00, 0x00, 0x00, 0x00, 0x00, 0x00, 0x00, 0x00, 0x00, 0x00, 
  0x00, 0x00, 0x00, 0x00, 0x00, 0x00, 0x00, 0x00, 0x00, 0x00, 0x00, 0x00, 0x00, 0x00, 0x00, 0x00, 
  0x00, 0x00, 0x00, 0x00, 0x00, 0x00, 0x00, 0x00, 0x00, 0x00, 0x00, 0x00, 0x00, 0x00, 0x00, 0x00, 
  0x00, 0x00, 0x00, 0x00, 0x00, 0x00, 0x00, 0x00, 0x00, 0x00, 0x00, 0x00, 0x00, 0x00, 0x00, 0x00, 
  0x00, 0x00, 0x00, 0x00, 0x00, 0x00, 0x00, 0x00, 0x00, 0x00, 0x00, 0x00, 0x00, 0x00, 0x00, 0x00, 
  0x00, 0x00, 0x00, 0x00, 0x00, 0x00, 0x00, 0x00, 0x00, 0x00, 0x00, 0x00, 0x00, 0x00, 0x00, 0x00, 
  0x00, 0x00, 0x00, 0x00, 0x00, 0x00, 0x00, 0x00, 0x00, 0x00, 0x00, 0x00, 0x00, 0x00, 0x00, 0x00, 
  0x00, 0x00, 0x00, 0x00, 0x00, 0x00, 0x00, 0x00, 0x00, 0x00, 0x00, 0x00, 0x00, 0x00, 0x00, 0x00, 
  0x00, 0x00, 0x00, 0x00, 0x00, 0x00, 0x00, 0x00, 0x00, 0x00, 0x00, 0x00, 0x00, 0x00, 0x00, 0x00, 
  0x00, 0x00, 0x00, 0x00, 0x00, 0x00, 0x00, 0x00, 0x00, 0x00, 0x00, 0x00, 0x00, 0x00, 0x00, 0x00, 
  0x00, 0x00, 0x00, 0x00, 0x00, 0x00, 0x00, 0x00, 0x00, 0x00, 0x00, 0x00, 0x00, 0x00, 0x00, 0x00, 
  0x00, 0x00, 0x00, 0x00, 0x00, 0x00, 0x00, 0x00, 0x00, 0x00, 0x00, 0x01, 0x00, 0x00, 0x00, 0x00, 
  0x3b, 0x03, 0x01, 0x80, 0x44, 0x04, 0x03, 0xa3, 0x00, 0x00, 0x00, 0x00, 0x7f, 0x00, 0x00, 0x02, 
  0x00, 0x00, 0x00, 0x00, 0x00, 0x00, 0x00, 0x00, 0x00, 0x00, 0x00, 0x00, 0x00, 0x00, 0x00, 0x00, 
  0x00, 0x00, 0x00, 0x00, 0x00, 0x00, 0x00, 0x00, 0x00, 0x00, 0x00, 0x00, 0x00, 0x00, 0x00, 0x00, 
  0x00, 0x00, 0x00, 0x00, 0x00, 0x00, 0x00, 0x00, 0x00, 0x00, 0x00, 0x00, 0x00, 0x00, 0x00, 0x00, 
  0x00, 0x00, 0x00, 0x00, 0x00, 0x00, 0x00, 0x00, 0x00, 0x00, 0x00, 0x00, 0x00, 0x00, 0x00, 0x00, 
  0x00, 0x00, 0x00, 0x00, 0x00, 0x00, 0x00, 0x00, 0x00, 0x00, 0x00, 0x00, 0x00, 0x00, 0x00, 0x00, 
  0x00, 0x00, 0x00, 0x00, 0x00, 0x00, 0x00, 0x00, 0x00, 0x00, 0x00, 0x00, 0x00, 0x00, 0x00, 0x00, 
  0x00, 0x00, 0x00, 0x00, 0x00, 0x00, 0x00, 0x00, 0x00, 0x00, 0x00, 0x00, 0x00, 0x00, 0x00, 0x00, 
  0x00, 0x00, 0x00, 0x00, 0x00, 0x00, 0x00, 0x00, 0x00, 0x00, 0x00, 0x00, 0x00, 0x00, 0x00, 0x00, 
  0x00, 0x00, 0x00, 0x00, 0x00, 0x00, 0x00, 0x00, 0x00, 0x00, 0x00, 0x00, 0x00, 0x00, 0x00, 0x00, 
  0x00, 0x00, 0x00, 0x00, 0x00, 0x00, 0x00, 0x00, 0x00, 0x00, 0x00, 0x00, 0x00, 0x00, 0x00, 0x00, 
  0x00, 0x00, 0x00, 0x00, 0x00, 0x00, 0x00, 0x00, 0x00, 0x00, 0x00, 0x00, 0x00, 0x00, 0x00, 0x00, 
  0x00, 0x00, 0x00, 0x00, 0x00, 0x00, 0x00, 0x00, 0x00, 0x00, 0x00, 0x00, 0x00, 0x00, 0x00, 0x00, 
  0x00, 0x00, 0x00, 0x00, 0x00, 0x00, 0x00, 0x00, 0x00, 0x00, 0x00, 0x00, 0x00, 0x00, 0x00, 0x00, 
  0x00, 0x00, 0x00, 0x00, 0x00, 0x00, 0x00, 0x00, 0x00, 0x00, 0x00, 0x00, 0x00, 0x00, 0x00, 0x00, 
  0x00, 0x00, 0x00, 0x00, 0x00, 0x00, 0x00, 0x02, 0x00, 0x00, 0x00, 0x00, 0x1f, 0x00, 0x00, 0x28, 
  0x2b, 0x03, 0x02, 0xff, 0x4a, 0x04, 0x02, 0xff, 0x60, 0x04, 0x04, 0x35, 0x00, 0x00, 0x00, 0x00, 
  0x55, 0x00, 0x00, 0x06, 0x00, 0x00, 0x00, 0x00, 0x00, 0x00, 0x00, 0x00, 0x00, 0x00, 0x00, 0x00, 
  0x00, 0x00, 0x00, 0x00, 0x00, 0x00, 0x00, 0x00, 0x00, 0x00, 0x00, 0x00, 0x00, 0x00, 0x00, 0x00, 
  0x00, 0x00, 0x00, 0x00, 0x00, 0x00, 0x00, 0x00, 0x00, 0x00, 0x00, 0x00, 0x00, 0x00, 0x00, 0x00, 
  0x00, 0x00, 0x00, 0x00, 0x00, 0x00, 0x00, 0x00, 0x00, 0x00, 0x00, 0x00, 0x00, 0x00, 0x00, 0x00, 
  0x00, 0x00, 0x00, 0x00, 0x00, 0x00, 0x00, 0x00, 0x00, 0x00, 0x00, 0x00, 0x00, 0x00, 0x00, 0x00, 
  0x00, 0x00, 0x00, 0x00, 0x00, 0x00, 0x00, 0x00, 0x00, 0x00, 0x00, 0x00, 0x00, 0x00, 0x00, 0x00, 
  0x00, 0x00, 0x00, 0x00, 0x00, 0x00, 0x00, 0x00, 0x00, 0x00, 0x00, 0x00, 0x00, 0x00, 0x00, 0x00, 
  0x00, 0x00, 0x00, 0x00, 0x00, 0x00, 0x00, 0x00, 0x00, 0x00, 0x00, 0x00, 0x00, 0x00, 0x00, 0x00, 
  0x00, 0x00, 0x00, 0x00, 0x00, 0x00, 0x00, 0x00, 0x00, 0x00, 0x00, 0x00, 0x00, 0x00, 0x00, 0x00, 
  0x00, 0x00, 0x00, 0x00, 0x00, 0x00, 0x00, 0x00, 0x00, 0x00, 0x00, 0x00, 0x00, 0x00, 0x00, 0x00, 
  0x00, 0x00, 0x00, 0x00, 0x00, 0x00, 0x00, 0x00, 0x00, 0x00, 0x00, 0x00, 0x00, 0x00, 0x00, 0x00, 
  0x00, 0x00, 0x00, 0x00, 0x00, 0x00, 0x00, 0x00, 0x00, 0x00, 0x00, 0x00, 0x00, 0x00, 0x00, 0x00, 
  0x00, 0x00, 0x00, 0x00, 0x00, 0x00, 0x00, 0x00, 0x00, 0x00, 0x00, 0x00, 0x00, 0x00, 0x00, 0x00, 
  0x00, 0x00, 0x00, 0x00, 0x00, 0x00, 0x00, 0x00, 0x00, 0x00, 0x00, 0x00, 0x00, 0x00, 0x00, 0x00, 
  0x00, 0x00, 0x00, 0x00, 0x3f, 0x00, 0x00, 0x04, 0x00, 0x00, 0x00, 0x00, 0x2e, 0x06, 0x02, 0x74, 
  0x33, 0x06, 0x01, 0xfc, 0x19, 0x01, 0x01, 0xfb, 0x52, 0x04, 0x02, 0xe5, 0x6a, 0x05, 0x00, 0x2b, 
  0x00, 0x00, 0x00, 0x00, 0x00, 0x00, 0x00, 0x02, 0x3f, 0x00, 0x00, 0x04, 0x00, 0x00, 0x00, 0x02, 
  0x00, 0x00, 0x00, 0x00, 0x00, 0x00, 0x00, 0x00, 0x00, 0x00, 0x00, 0x00, 0x00, 0x00, 0x00, 0x00, 
  0x00, 0x00, 0x00, 0x00, 0x00, 0x00, 0x00, 0x00, 0x00, 0x00, 0x00, 0x00, 0x00, 0x00, 0x00, 0x00, 
  0x00, 0x00, 0x00, 0x00, 0x00, 0x00, 0x00, 0x00, 0x00, 0x00, 0x00, 0x00, 0x00, 0x00, 0x00, 0x00, 
  0x00, 0x00, 0x00, 0x00, 0x00, 0x00, 0x00, 0x00, 0x00, 0x00, 0x00, 0x00, 0x00, 0x00, 0x00, 0x00, 
  0x00, 0x00, 0x00, 0x00, 0x00, 0x00, 0x00, 0x00, 0x00, 0x00, 0x00, 0x00, 0x00, 0x00, 0x00, 0x00, 
  0x00, 0x00, 0x00, 0x00, 0x00, 0x00, 0x00, 0x00, 0x00, 0x00, 0x00, 0x00, 0x00, 0x00, 0x00, 0x00, 
  0x00, 0x00, 0x00, 0x00, 0x00, 0x00, 0x00, 0x00, 0x00, 0x00, 0x00, 0x00, 0x00, 0x00, 0x00, 0x00, 
  0x00, 0x00, 0x00, 0x00, 0x00, 0x00, 0x00, 0x00, 0x00, 0x00, 0x00, 0x00, 0x00, 0x00, 0x00, 0x00, 
  0x00, 0x00, 0x00, 0x00, 0x00, 0x00, 0x00, 0x00, 0x00, 0x00, 0x00, 0x00, 0x00, 0x00, 0x00, 0x00, 
  0x00, 0x00, 0x00, 0x00, 0x00, 0x00, 0x00, 0x00, 0x00, 0x00, 0x00, 0x00, 0x00, 0x00, 0x00, 0x00, 
  0x00, 0x00, 0x00, 0x00, 0x00, 0x00, 0x00, 0x00, 0x00, 0x00, 0x00, 0x00, 0x00, 0x00, 0x00, 0x00, 
  0x00, 0x00, 0x00, 0x00, 0x00, 0x00, 0x00, 0x00, 0x00, 0x00, 0x00, 0x00, 0x00, 0x00, 0x00, 0x00, 
  0x00, 0x00, 0x00, 0x00, 0x00, 0x00, 0x00, 0x00, 0x00, 0x00, 0x00, 0x00, 0x00, 0x00, 0x00, 0x00, 
  0x00, 0x00, 0x00, 0x00, 0x7f, 0x00, 0x00, 0x02, 0x00, 0x00, 0x00, 0x00, 0x3c, 0x0a, 0x02, 0xc2, 
  0x39, 0x09, 0x01, 0xff, 0x14, 0x02, 0x01, 0xfa, 0x1f, 0x02, 0x01, 0xff, 0x45, 0x04, 0x02, 0xee, 
  0x59, 0x05, 0x02, 0x61, 0x02, 0x00, 0x00, 0x00, 0x00, 0x00, 0x00, 0x00, 0x00, 0x00, 0x00, 0x00, 
  0x00, 0x00, 0x00, 0x02, 0x55, 0x00, 0x00, 0x03, 0x00, 0x00, 0x00, 0x00, 0x00, 0x00, 0x00, 0x00, 
  0x00, 0x00, 0x00, 0x00, 0x00, 0x00, 0x00, 0x00, 0x00, 0x00, 0x00, 0x00, 0x00, 0x00, 0x00, 0x00, 
  0x00, 0x00, 0x00, 0x00, 0x00, 0x00, 0x00, 0x00, 0x00, 0x00, 0x00, 0x00, 0x00, 0x00, 0x00, 0x00, 
  0x00, 0x00, 0x00, 0x00, 0x00, 0x00, 0x00, 0x00, 0x00, 0x00, 0x00, 0x00, 0x00, 0x00, 0x00, 0x00, 
  0x00, 0x00, 0x00, 0x00, 0x00, 0x00, 0x00, 0x00, 0x00, 0x00, 0x00, 0x00, 0x00, 0x00, 0x00, 0x00, 
  0x00, 0x00, 0x00, 0x00, 0x00, 0x00, 0x00, 0x00, 0x00, 0x00, 0x00, 0x00, 0x00, 0x00, 0x00, 0x00, 
  0x00, 0x00, 0x00, 0x00, 0x00, 0x00, 0x00, 0x00, 0x00, 0x00, 0x00, 0x00, 0x00, 0x00, 0x00, 0x00, 
  0x00, 0x00, 0x00, 0x00, 0x00, 0x00, 0x00, 0x00, 0x00, 0x00, 0x00, 0x00, 0x00, 0x00, 0x00, 0x00, 
  0x00, 0x00, 0x00, 0x00, 0x00, 0x00, 0x00, 0x00, 0x00, 0x00, 0x00, 0x00, 0x00, 0x00, 0x00, 0x00, 
  0x00, 0x00, 0x00, 0x00, 0x00, 0x00, 0x00, 0x00, 0x00, 0x00, 0x00, 0x00, 0x00, 0x00, 0x00, 0x00, 
  0x00, 0x00, 0x00, 0x00, 0x00, 0x00, 0x00, 0x00, 0x00, 0x00, 0x00, 0x00, 0x00, 0x00, 0x00, 0x00, 
  0x00, 0x00, 0x00, 0x00, 0x00, 0x00, 0x00, 0x00, 0x00, 0x00, 0x00, 0x00, 0x00, 0x00, 0x00, 0x00, 
  0x00, 0x00, 0x00, 0x00, 0x00, 0x00, 0x00, 0x00, 0x00, 0x00, 0x00, 0x00, 0x00, 0x00, 0x00, 0x00, 
  0x00, 0x00, 0x00, 0x02, 0x00, 0x00, 0x00, 0x00, 0x10, 0x08, 0x08, 0x1f, 0x4b, 0x10, 0x02, 0xf8, 
  0x35, 0x0b, 0x01, 0xff, 0x20, 0x04, 0x00, 0xff, 0x1f, 0x03, 0x00, 0xfd, 0x1e, 0x01, 0x01, 0xff, 
  0x35, 0x02, 0x02, 0xff, 0x41, 0x03, 0x02, 0xc7, 0x45, 0x04, 0x02, 0x6b, 0x50, 0x07, 0x07, 0x23, 
  0x00, 0x00, 0x00, 0x00, 0x00, 0x00, 0x00, 0x00, 0x7f, 0x00, 0x00, 0x02, 0x00, 0x00, 0x00, 0x00, 
  0x00, 0x00, 0x00, 0x00, 0x00, 0x00, 0x00, 0x00, 0x00, 0x00, 0x00, 0x00, 0x00, 0x00, 0x00, 0x00, 
  0x00, 0x00, 0x00, 0x00, 0x00, 0x00, 0x00, 0x00, 0x00, 0x00, 0x00, 0x00, 0x00, 0x00, 0x00, 0x00, 
  0x00, 0x00, 0x00, 0x00, 0x00, 0x00, 0x00, 0x00, 0x00, 0x00, 0x00, 0x00, 0x00, 0x00, 0x00, 0x00, 
  0x00, 0x00, 0x00, 0x00, 0x00, 0x00, 0x00, 0x00, 0x00, 0x00, 0x00, 0x00, 0x00, 0x00, 0x00, 0x00, 
  0x00, 0x00, 0x00, 0x00, 0x00, 0x00, 0x00, 0x00, 0x00, 0x00, 0x00, 0x00, 0x00, 0x00, 0x00, 0x00, 
  0x00, 0x00, 0x00, 0x00, 0x00, 0x00, 0x00, 0x00, 0x00, 0x00, 0x00, 0x00, 0x00, 0x00, 0x00, 0x00, 
  0x00, 0x00, 0x00, 0x00, 0x00, 0x00, 0x00, 0x00, 0x00, 0x00, 0x00, 0x00, 0x00, 0x00, 0x00, 0x00, 
  0x00, 0x00, 0x00, 0x00, 0x00, 0x00, 0x00, 0x00, 0x00, 0x00, 0x00, 0x00, 0x00, 0x00, 0x00, 0x00, 
  0x00, 0x00, 0x00, 0x00, 0x00, 0x00, 0x00, 0x00, 0x00, 0x00, 0x00, 0x00, 0x00, 0x00, 0x00, 0x00, 
  0x00, 0x00, 0x00, 0x00, 0x00, 0x00, 0x00, 0x00, 0x00, 0x00, 0x00, 0x00, 0x00, 0x00, 0x00, 0x00, 
  0x7f, 0x00, 0x00, 0x02, 0x00, 0x00, 0x00, 0x01, 0x00, 0x00, 0x00, 0x00, 0x00, 0x00, 0x00, 0x00, 
  0x00, 0x00, 0x00, 0x00, 0x00, 0x00, 0x00, 0x00, 0x00, 0x00, 0x00, 0x00, 0x00, 0x00, 0x00, 0x00, 
  0x3f, 0x00, 0x00, 0x04, 0x00, 0x00, 0x00, 0x01, 0x31, 0x0e, 0x04, 0x67, 0x5d, 0x1a, 0x05, 0xff, 
  0x30, 0x0b, 0x02, 0xfb, 0x27, 0x06, 0x01, 0xff, 0x2a, 0x05, 0x00, 0xff, 0x2b, 0x04, 0x00, 0xfe, 
  0x26, 0x02, 0x00, 0xfd, 0x2d, 0x02, 0x01, 0xff, 0x36, 0x03, 0x02, 0xff, 0x3b, 0x03, 0x02, 0xf5, 
  0x41, 0x04, 0x02, 0xbc, 0x3c, 0x03, 0x03, 0x54, 0x00, 0x00, 0x00, 0x00, 0x55, 0x00, 0x00, 0x03, 
  0x00, 0x00, 0x00, 0x00, 0x00, 0x00, 0x00, 0x00, 0x00, 0x00, 0x00, 0x00, 0x00, 0x00, 0x00, 0x00, 
  0x00, 0x00, 0x00, 0x00, 0x00, 0x00, 0x00, 0x00, 0x00, 0x00, 0x00, 0x00, 0x00, 0x00, 0x00, 0x00, 
  0x00, 0x00, 0x00, 0x00, 0x00, 0x00, 0x00, 0x00, 0x00, 0x00, 0x00, 0x00, 0x00, 0x00, 0x00, 0x00, 
  0x00, 0x00, 0x00, 0x00, 0x00, 0x00, 0x00, 0x00, 0x00, 0x00, 0x00, 0x00, 0x00, 0x00, 0x00, 0x00, 
  0x00, 0x00, 0x00, 0x00, 0x00, 0x00, 0x00, 0x00, 0x00, 0x00, 0x00, 0x00, 0x00, 0x00, 0x00, 0x00, 
  0x00, 0x00, 0x00, 0x00, 0x00, 0x00, 0x00, 0x00, 0x00, 0x00, 0x00, 0x00, 0x00, 0x00, 0x00, 0x00, 
  0x00, 0x00, 0x00, 0x00, 0x00, 0x00, 0x00, 0x00, 0x00, 0x00, 0x00, 0x00, 0x00, 0x00, 0x00, 0x00, 
  0x00, 0x00, 0x00, 0x00, 0x00, 0x00, 0x00, 0x00, 0x00, 0x00, 0x00, 0x00, 0x00, 0x00, 0x00, 0x00, 
  0x00, 0x00, 0x00, 0x00, 0x00, 0x00, 0x00, 0x00, 0x00, 0x00, 0x00, 0x00, 0x00, 0x00, 0x00, 0x00, 
  0x00, 0x00, 0x00, 0x00, 0x00, 0x00, 0x00, 0x00, 0x00, 0x00, 0x00, 0x00, 0x7f, 0x00, 0x00, 0x02, 
  0x00, 0x00, 0x00, 0x00, 0x00, 0x00, 0x00, 0x00, 0x00, 0x00, 0x00, 0x01, 0x00, 0x00, 0x00, 0x00, 
  0x00, 0x00, 0x00, 0x00, 0x00, 0x00, 0x00, 0x00, 0x00, 0x00, 0x00, 0x00, 0x00, 0x00, 0x00, 0x00, 
  0x7f, 0x00, 0x00, 0x02, 0x00, 0x00, 0x00, 0x00, 0x47, 0x17, 0x05, 0xb6, 0x62, 0x22, 0x06, 0xff, 
  0x2d, 0x0d, 0x02, 0xfc, 0x30, 0x0a, 0x01, 0xff, 0x31, 0x09, 0x01, 0xff, 0x32, 0x07, 0x00, 0xff, 
  0x36, 0x07, 0x00, 0xff, 0x39, 0x06, 0x00, 0xfd, 0x3a, 0x05, 0x01, 0xfb, 0x3c, 0x04, 0x00, 0xff, 
  0x3f, 0x04, 0x01, 0xff, 0x4d, 0x05, 0x04, 0xff, 0x5d, 0x08, 0x04, 0x39, 0x00, 0x00, 0x00, 0x00, 
  0x66, 0x00, 0x00, 0x05, 0x00, 0x00, 0x00, 0x00, 0x00, 0x00, 0x00, 0x00, 0x00, 0x00, 0x00, 0x00, 
  0x00, 0x00, 0x00, 0x00, 0x00, 0x00, 0x00, 0x00, 0x00, 0x00, 0x00, 0x00, 0x00, 0x00, 0x00, 0x00, 
  0x00, 0x00, 0x00, 0x00, 0x00, 0x00, 0x00, 0x00, 0x00, 0x00, 0x00, 0x00, 0x00, 0x00, 0x00, 0x00, 
  0x00, 0x00, 0x00, 0x00, 0x00, 0x00, 0x00, 0x00, 0x00, 0x00, 0x00, 0x00, 0x00, 0x00, 0x00, 0x00, 
  0x00, 0x00, 0x00, 0x00, 0x00, 0x00, 0x00, 0x00, 0x00, 0x00, 0x00, 0x00, 0x00, 0x00, 0x00, 0x00, 
  0x00, 0x00, 0x00, 0x00, 0x00, 0x00, 0x00, 0x00, 0x00, 0x00, 0x00, 0x00, 0x00, 0x00, 0x00, 0x00, 
  0x00, 0x00, 0x00, 0x00, 0x00, 0x00, 0x00, 0x00, 0x00, 0x00, 0x00, 0x00, 0x00, 0x00, 0x00, 0x00, 
  0x00, 0x00, 0x00, 0x00, 0x00, 0x00, 0x00, 0x00, 0x00, 0x00, 0x00, 0x00, 0x00, 0x00, 0x00, 0x00, 
  0x00, 0x00, 0x00, 0x00, 0x00, 0x00, 0x00, 0x00, 0x00, 0x00, 0x00, 0x00, 0x00, 0x00, 0x00, 0x00, 
  0x00, 0x00, 0x00, 0x00, 0x00, 0x00, 0x00, 0x00, 0xff, 0x00, 0x00, 0x01, 0x00, 0x00, 0x00, 0x00, 
  0x5a, 0x0b, 0x03, 0x88, 0x33, 0x0a, 0x05, 0x64, 0x00, 0x00, 0x00, 0x00, 0x55, 0x00, 0x00, 0x03, 
  0x00, 0x00, 0x00, 0x00, 0x00, 0x00, 0x00, 0x00, 0x00, 0x00, 0x00, 0x00, 0x00, 0x00, 0x00, 0x01, 
  0x00, 0x00, 0x00, 0x00, 0x0b, 0x00, 0x00, 0x16, 0x57, 0x25, 0x09, 0xf3, 0x5b, 0x27, 0x08, 0xff, 
  0x30, 0x0f, 0x02, 0xfe, 0x37, 0x0f, 0x01, 0xff, 0x38, 0x0c, 0x01, 0xff, 0x3c, 0x0b, 0x01, 0xff, 
  0x3d, 0x0a, 0x01, 0xff, 0x43, 0x0a, 0x00, 0xff, 0x48, 0x09, 0x00, 0xff, 0x4b, 0x09, 0x01, 0xfe, 
  0x4f, 0x08, 0x01, 0xfa, 0x54, 0x09, 0x02, 0xfe, 0x68, 0x0c, 0x03, 0xe3, 0x64, 0x09, 0x00, 0x1c, 
  0x00, 0x00, 0x00, 0x00, 0x66, 0x00, 0x00, 0x05, 0x7f, 0x00, 0x00, 0x02, 0x00, 0x00, 0x00, 0x00, 
  0x00, 0x00, 0x00, 0x00, 0x00, 0x00, 0x00, 0x00, 0x00, 0x00, 0x00, 0x00, 0x00, 0x00, 0x00, 0x00, 
  0x00, 0x00, 0x00, 0x00, 0x00, 0x00, 0x00, 0x00, 0x00, 0x00, 0x00, 0x00, 0x00, 0x00, 0x00, 0x00, 
  0x00, 0x00, 0x00, 0x00, 0x00, 0x00, 0x00, 0x00, 0x00, 0x00, 0x00, 0x00, 0x00, 0x00, 0x00, 0x00, 
  0x00, 0x00, 0x00, 0x00, 0x00, 0x00, 0x00, 0x00, 0x00, 0x00, 0x00, 0x00, 0x00, 0x00, 0x00, 0x00, 
  0x00, 0x00, 0x00, 0x00, 0x00, 0x00, 0x00, 0x00, 0x00, 0x00, 0x00, 0x00, 0x00, 0x00, 0x00, 0x00, 
  0x00, 0x00, 0x00, 0x00, 0x00, 0x00, 0x00, 0x00, 0x00, 0x00, 0x00, 0x00, 0x00, 0x00, 0x00, 0x00, 
  0x00, 0x00, 0x00, 0x00, 0x00, 0x00, 0x00, 0x00, 0x00, 0x00, 0x00, 0x00, 0x00, 0x00, 0x00, 0x00, 
  0x00, 0x00, 0x00, 0x00, 0x00, 0x00, 0x00, 0x00, 0x00, 0x00, 0x00, 0x00, 0x00, 0x00, 0x00, 0x00, 
  0x00, 0x00, 0x00, 0x00, 0x7f, 0x00, 0x00, 0x02, 0x00, 0x00, 0x00, 0x03, 0xa7, 0x1f, 0x03, 0x89, 
  0x7f, 0x15, 0x04, 0xff, 0x38, 0x0c, 0x02, 0xe6, 0x33, 0x11, 0x00, 0x0f, 0x7f, 0x00, 0x00, 0x02, 
  0x00, 0x00, 0x00, 0x01, 0x00, 0x00, 0x00, 0x00, 0x00, 0x00, 0x00, 0x00, 0x3f, 0x3f, 0x00, 0x04, 
  0xff, 0xff, 0x00, 0x01, 0x33, 0x19, 0x0b, 0x5a, 0x6c, 0x39, 0x11, 0xff, 0x50, 0x29, 0x0a, 0xfc, 
  0x36, 0x14, 0x04, 0xff, 0x3d, 0x13, 0x03, 0xff, 0x3f, 0x11, 0x02, 0xff, 0x43, 0x10, 0x02, 0xff, 
  0x47, 0x0f, 0x01, 0xff, 0x4e, 0x0f, 0x01, 0xff, 0x52, 0x0f, 0x00, 0xff, 0x55, 0x0f, 0x01, 0xff, 
  0x58, 0x0f, 0x01, 0xff, 0x5a, 0x0e, 0x01, 0xfd, 0x62, 0x0f, 0x02, 0xff, 0x77, 0x15, 0x04, 0xda, 
  0x83, 0x1e, 0x08, 0x3a, 0x00, 0x00, 0x00, 0x00, 0x00, 0x00, 0x00, 0x00, 0x7f, 0x00, 0x00, 0x02, 
  0x7f, 0x3f, 0x00, 0x04, 0x7f, 0x00, 0x00, 0x02, 0x00, 0x00, 0x00, 0x00, 0x00, 0x00, 0x00, 0x00, 
  0x00, 0x00, 0x00, 0x00, 0x00, 0x00, 0x00, 0x00, 0x00, 0x00, 0x00, 0x00, 0x00, 0x00, 0x00, 0x00, 
  0x00, 0x00, 0x00, 0x00, 0x00, 0x00, 0x00, 0x00, 0x00, 0x00, 0x00, 0x00, 0x00, 0x00, 0x00, 0x00, 
  0x00, 0x00, 0x00, 0x00, 0x00, 0x00, 0x00, 0x00, 0x00, 0x00, 0x00, 0x00, 0x00, 0x00, 0x00, 0x00, 
  0x00, 0x00, 0x00, 0x00, 0x00, 0x00, 0x00, 0x00, 0x00, 0x00, 0x00, 0x00, 0x00, 0x00, 0x00, 0x00, 
  0x00, 0x00, 0x00, 0x00, 0x00, 0x00, 0x00, 0x00, 0x00, 0x00, 0x00, 0x00, 0x00, 0x00, 0x00, 0x00, 
  0x00, 0x00, 0x00, 0x00, 0x00, 0x00, 0x00, 0x00, 0x00, 0x00, 0x00, 0x00, 0x00, 0x00, 0x00, 0x00, 
  0x00, 0x00, 0x00, 0x00, 0x00, 0x00, 0x00, 0x00, 0x00, 0x00, 0x00, 0x00, 0x00, 0x00, 0x00, 0x00, 
  0x00, 0x00, 0x00, 0x01, 0x01, 0x00, 0x00, 0x00, 0x00, 0x00, 0x00, 0x08, 0x5f, 0x13, 0x04, 0xee, 
  0x94, 0x1e, 0x05, 0xfc, 0x4e, 0x15, 0x03, 0xff, 0x46, 0x13, 0x03, 0x8e, 0x00, 0x00, 0x00, 0x00, 
  0x3f, 0x00, 0x00, 0x04, 0x00, 0x00, 0x00, 0x00, 0x00, 0x00, 0x00, 0x00, 0xaa, 0x7f, 0x2a, 0x06, 
  0x00, 0x00, 0x00, 0x00, 0x42, 0x28, 0x0d, 0xaa, 0x75, 0x4a, 0x18, 0xff, 0x47, 0x2a, 0x0c, 0xfb, 
  0x3e, 0x1c, 0x08, 0xff, 0x42, 0x19, 0x05, 0xff, 0x45, 0x17, 0x04, 0xff, 0x4b, 0x16, 0x03, 0xff, 
  0x50, 0x15, 0x02, 0xff, 0x56, 0x15, 0x02, 0xff, 0x5b, 0x16, 0x02, 0xff, 0x60, 0x15, 0x02, 0xff, 
  0x64, 0x15, 0x02, 0xff, 0x68, 0x15, 0x02, 0xff, 0x6a, 0x15, 0x02, 0xfd, 0x70, 0x17, 0x03, 0xff, 
  0x76, 0x19, 0x05, 0xfd, 0x78, 0x19, 0x06, 0x98, 0x6a, 0x11, 0x05, 0x2b, 0x00, 0x00, 0x00, 0x00, 
  0x00, 0x00, 0x00, 0x00, 0x00, 0x00, 0x00, 0x00, 0x00, 0x00, 0x00, 0x00, 0x00, 0x00, 0x00, 0x00, 
  0x00, 0x00, 0x00, 0x00, 0x00, 0x00, 0x00, 0x00, 0x00, 0x00, 0x00, 0x00, 0x00, 0x00, 0x00, 0x00, 
  0x00, 0x00, 0x00, 0x00, 0x00, 0x00, 0x00, 0x00, 0x00, 0x00, 0x00, 0x00, 0x00, 0x00, 0x00, 0x00, 
  0x00, 0x00, 0x00, 0x00, 0x00, 0x00, 0x00, 0x00, 0x00, 0x00, 0x00, 0x00, 0x00, 0x00, 0x00, 0x00, 
  0x00, 0x00, 0x00, 0x00, 0x00, 0x00, 0x00, 0x00, 0x00, 0x00, 0x00, 0x00, 0x00, 0x00, 0x00, 0x00, 
  0x00, 0x00, 0x00, 0x00, 0x00, 0x00, 0x00, 0x00, 0x00, 0x00, 0x00, 0x00, 0x00, 0x00, 0x00, 0x00, 
  0x00, 0x00, 0x00, 0x00, 0x00, 0x00, 0x00, 0x00, 0x00, 0x00, 0x00, 0x00, 0x00, 0x00, 0x00, 0x00, 
  0x00, 0x00, 0x00, 0x00, 0x00, 0x00, 0x00, 0x00, 0x00, 0x00, 0x00, 0x00, 0x00, 0x00, 0x00, 0x00, 
  0x00, 0x00, 0x00, 0x00, 0xff, 0x00, 0x00, 0x01, 0x00, 0x00, 0x00, 0x00, 0x2f, 0x0b, 0x02, 0xc2, 
  0x9d, 0x20, 0x05, 0xff, 0x60, 0x1b, 0x05, 0xfb, 0x53, 0x1e, 0x06, 0xfa, 0x41, 0x17, 0x05, 0x2b, 
  0x00, 0x00, 0x00, 0x00, 0x3f, 0x3f, 0x00, 0x04, 0xff, 0xaa, 0x55, 0x03, 0x00, 0x00, 0x00, 0x00, 
  0x78, 0x69, 0x2d, 0x22, 0x66, 0x4c, 0x1a, 0xf1, 0x6e, 0x51, 0x18, 0xfe, 0x40, 0x2a, 0x0d, 0xfe, 
  0x43, 0x25, 0x0a, 0xff, 0x44, 0x20, 0x08, 0xff, 0x4a, 0x1d, 0x06, 0xff, 0x51, 0x1d, 0x05, 0xff, 
  0x56, 0x1d, 0x04, 0xff, 0x5f, 0x1d, 0x05, 0xff, 0x66, 0x1e, 0x04, 0xff, 0x6a, 0x1e, 0x04, 0xff, 
  0x6e, 0x1d, 0x03, 0xff, 0x71, 0x1e, 0x04, 0xff, 0x75, 0x1f, 0x04, 0xff, 0x78, 0x1f, 0x05, 0xfd, 
  0x7a, 0x20, 0x04, 0xff, 0x84, 0x22, 0x05, 0xff, 0x7b, 0x20, 0x06, 0xfb, 0x75, 0x20, 0x08, 0xbb, 
  0x65, 0x1d, 0x0b, 0x6f, 0x4c, 0x19, 0x0c, 0x28, 0x00, 0x00, 0x00, 0x01, 0x00, 0x00, 0x00, 0x01, 
  0x00, 0x00, 0x00, 0x00, 0x00, 0x00, 0x00, 0x00, 0x00, 0x00, 0x00, 0x00, 0x00, 0x00, 0x00, 0x00, 
  0x00, 0x00, 0x00, 0x00, 0x00, 0x00, 0x00, 0x00, 0x00, 0x00, 0x00, 0x00, 0x00, 0x00, 0x00, 0x00, 
  0x00, 0x00, 0x00, 0x00, 0x00, 0x00, 0x00, 0x00, 0x00, 0x00, 0x00, 0x00, 0x00, 0x00, 0x00, 0x00, 
  0x00, 0x00, 0x00, 0x00, 0x00, 0x00, 0x00, 0x00, 0x00, 0x00, 0x00, 0x00, 0x00, 0x00, 0x00, 0x00, 
  0x00, 0x00, 0x00, 0x00, 0x00, 0x00, 0x00, 0x00, 0x00, 0x00, 0x00, 0x00, 0x00, 0x00, 0x00, 0x00, 
  0x00, 0x00, 0x00, 0x00, 0x00, 0x00, 0x00, 0x00, 0x00, 0x00, 0x00, 0x00, 0x00, 0x00, 0x00, 0x00, 
  0x00, 0x00, 0x00, 0x00, 0x00, 0x00, 0x00, 0x00, 0x00, 0x00, 0x00, 0x00, 0x00, 0x00, 0x00, 0x00, 
  0x00, 0x00, 0x00, 0x00, 0x3f, 0x00, 0x00, 0x04, 0x00, 0x00, 0x00, 0x00, 0x2c, 0x11, 0x04, 0xa1, 
  0x8f, 0x1f, 0x05, 0xff, 0x84, 0x21, 0x07, 0xf8, 0x5a, 0x2a, 0x0b, 0xff, 0x56, 0x29, 0x0a, 0xba, 
  0x00, 0x00, 0x00, 0x00, 0x00, 0x00, 0x00, 0x00, 0x00, 0x00, 0x00, 0x00, 0xb6, 0x89, 0x2c, 0x62, 
  0xb7, 0x94, 0x35, 0xe3, 0xa1, 0x85, 0x29, 0xff, 0x89, 0x72, 0x21, 0xfe, 0x3d, 0x2c, 0x0d, 0xff, 
  0x49, 0x2e, 0x0e, 0xff, 0x4a, 0x29, 0x0b, 0xff, 0x51, 0x27, 0x0a, 0xff, 0x59, 0x26, 0x08, 0xff, 
  0x5e, 0x25, 0x08, 0xff, 0x62, 0x25, 0x07, 0xff, 0x6b, 0x26, 0x07, 0xff, 0x70, 0x27, 0x06, 0xff, 
  0x75, 0x27, 0x06, 0xff, 0x79, 0x27, 0x06, 0xff, 0x7d, 0x28, 0x07, 0xff, 0x82, 0x28, 0x07, 0xff, 
  0x84, 0x29, 0x06, 0xfe, 0x88, 0x2a, 0x06, 0xfc, 0x8c, 0x2b, 0x06, 0xff, 0x93, 0x2c, 0x06, 0xff, 
  0x99, 0x2e, 0x08, 0xff, 0x65, 0x1f, 0x08, 0xc9, 0x00, 0x00, 0x00, 0x00, 0xff, 0x00, 0x00, 0x01, 
  0x00, 0x00, 0x00, 0x00, 0x00, 0x00, 0x00, 0x00, 0x00, 0x00, 0x00, 0x00, 0x00, 0x00, 0x00, 0x00, 
  0x00, 0x00, 0x00, 0x00, 0x00, 0x00, 0x00, 0x00, 0x00, 0x00, 0x00, 0x00, 0x00, 0x00, 0x00, 0x00, 
  0x00, 0x00, 0x00, 0x00, 0x00, 0x00, 0x00, 0x00, 0x00, 0x00, 0x00, 0x00, 0x00, 0x00, 0x00, 0x00, 
  0x00, 0x00, 0x00, 0x00, 0x00, 0x00, 0x00, 0x00, 0x00, 0x00, 0x00, 0x00, 0x00, 0x00, 0x00, 0x00, 
  0x00, 0x00, 0x00, 0x00, 0x00, 0x00, 0x00, 0x00, 0x00, 0x00, 0x00, 0x00, 0x00, 0x00, 0x00, 0x00, 
  0x00, 0x00, 0x00, 0x00, 0x00, 0x00, 0x00, 0x00, 0x00, 0x00, 0x00, 0x00, 0x00, 0x00, 0x00, 0x00, 
  0x00, 0x00, 0x00, 0x00, 0x00, 0x00, 0x00, 0x00, 0x00, 0x00, 0x00, 0x00, 0x00, 0x00, 0x00, 0x00, 
  0x00, 0x00, 0x00, 0x00, 0x3f, 0x00, 0x00, 0x04, 0x00, 0x00, 0x00, 0x00, 0x2f, 0x16, 0x06, 0x7b, 
  0x64, 0x21, 0x07, 0xff, 0xa4, 0x20, 0x04, 0xfb, 0x60, 0x31, 0x0f, 0xfc, 0x64, 0x3d, 0x13, 0xff, 
  0x4b, 0x2a, 0x10, 0x4e, 0xd8, 0xa5, 0x33, 0x14, 0xbd, 0x9a, 0x31, 0xb4, 0xba, 0xa1, 0x32, 0xff, 
  0xa4, 0x99, 0x29, 0xff, 0xaa, 0xa2, 0x29, 0xfe, 0x89, 0x82, 0x23, 0xff, 0x40, 0x34, 0x0f, 0xff, 
  0x4d, 0x38, 0x11, 0xff, 0x4f, 0x32, 0x0f, 0xff, 0x53, 0x30, 0x0d, 0xff, 0x5c, 0x30, 0x0c, 0xff, 
  0x62, 0x30, 0x0c, 0xff, 0x67, 0x30, 0x0c, 0xff, 0x6c, 0x2f, 0x0a, 0xff, 0x74, 0x30, 0x0a, 0xff, 
  0x7b, 0x31, 0x0a, 0xff, 0x80, 0x32, 0x0a, 0xff, 0x85, 0x33, 0x0a, 0xff, 0x88, 0x34, 0x0a, 0xff, 
  0x8d, 0x35, 0x0a, 0xff, 0x90, 0x36, 0x0b, 0xff, 0x93, 0x37, 0x0b, 0xfe, 0x97, 0x38, 0x0a, 0xf9, 
  0xa1, 0x3b, 0x0b, 0xfb, 0x71, 0x2c, 0x0b, 0xca, 0x00, 0x00, 0x00, 0x00, 0xff, 0x00, 0x00, 0x01, 
  0x00, 0x00, 0x00, 0x00, 0x00, 0x00, 0x00, 0x00, 0x00, 0x00, 0x00, 0x00, 0x00, 0x00, 0x00, 0x00, 
  0x00, 0x00, 0x00, 0x00, 0x00, 0x00, 0x00, 0x00, 0x00, 0x00, 0x00, 0x00, 0x00, 0x00, 0x00, 0x00, 
  0x00, 0x00, 0x00, 0x00, 0x00, 0x00, 0x00, 0x00, 0x00, 0x00, 0x00, 0x00, 0x00, 0x00, 0x00, 0x00, 
  0x00, 0x00, 0x00, 0x00, 0x00, 0x00, 0x00, 0x00, 0x00, 0x00, 0x00, 0x00, 0x00, 0x00, 0x00, 0x00, 
  0x00, 0x00, 0x00, 0x00, 0x00, 0x00, 0x00, 0x00, 0x00, 0x00, 0x00, 0x00, 0x00, 0x00, 0x00, 0x00, 
  0x00, 0x00, 0x00, 0x00, 0x00, 0x00, 0x00, 0x00, 0x00, 0x00, 0x00, 0x00, 0x00, 0x00, 0x00, 0x00, 
  0x00, 0x00, 0x00, 0x00, 0x00, 0x00, 0x00, 0x00, 0x00, 0x00, 0x00, 0x00, 0x00, 0x00, 0x00, 0x00, 
  0x00, 0x00, 0x00, 0x00, 0x3f, 0x00, 0x00, 0x04, 0x00, 0x00, 0x00, 0x00, 0x35, 0x17, 0x08, 0x56, 
  0x4e, 0x2d, 0x0d, 0xff, 0x77, 0x19, 0x04, 0xfc, 0x9c, 0x2a, 0x09, 0xfe, 0x56, 0x42, 0x16, 0xfe, 
  0x56, 0x45, 0x16, 0xe7, 0xa6, 0x92, 0x2c, 0xe2, 0xb4, 0xa8, 0x30, 0xff, 0x9f, 0x9b, 0x27, 0xfb, 
  0xa4, 0xa1, 0x28, 0xfe, 0xa7, 0xab, 0x2b, 0xff, 0x80, 0x84, 0x21, 0xff, 0x43, 0x3c, 0x10, 0xff, 
  0x50, 0x41, 0x13, 0xff, 0x52, 0x3c, 0x12, 0xff, 0x57, 0x3a, 0x11, 0xff, 0x60, 0x3b, 0x12, 0xff, 
  0x67, 0x3c, 0x11, 0xff, 0x6d, 0x3c, 0x10, 0xff, 0x74, 0x3c, 0x10, 0xff, 0x79, 0x3d, 0x10, 0xff, 
  0x80, 0x40, 0x10, 0xff, 0x85, 0x40, 0x10, 0xff, 0x8a, 0x42, 0x11, 0xff, 0x8d, 0x43, 0x10, 0xff, 
  0x91, 0x44, 0x10, 0xff, 0x95, 0x45, 0x11, 0xff, 0x99, 0x46, 0x11, 0xff, 0x9d, 0x47, 0x11, 0xfd, 
  0xa6, 0x4b, 0x12, 0xff, 0x75, 0x37, 0x11, 0xd0, 0x00, 0x00, 0x00, 0x00, 0x01, 0x00, 0x00, 0x00, 
  0x00, 0x00, 0x00, 0x00, 0x00, 0x00, 0x00, 0x00, 0x00, 0x00, 0x00, 0x00, 0x00, 0x00, 0x00, 0x00, 
  0x00, 0x00, 0x00, 0x00, 0x00, 0x00, 0x00, 0x00, 0x00, 0x00, 0x00, 0x00, 0x00, 0x00, 0x00, 0x00, 
  0x00, 0x00, 0x00, 0x00, 0x00, 0x00, 0x00, 0x00, 0x00, 0x00, 0x00, 0x00, 0x00, 0x00, 0x00, 0x00, 
  0x00, 0x00, 0x00, 0x00, 0x00, 0x00, 0x00, 0x00, 0x00, 0x00, 0x00, 0x00, 0x00, 0x00, 0x00, 0x00, 
  0x00, 0x00, 0x00, 0x00, 0x00, 0x00, 0x00, 0x00, 0x00, 0x00, 0x00, 0x00, 0x00, 0x00, 0x00, 0x00, 
  0x00, 0x00, 0x00, 0x00, 0x00, 0x00, 0x00, 0x00, 0x00, 0x00, 0x00, 0x00, 0x00, 0x00, 0x00, 0x00, 
  0x00, 0x00, 0x00, 0x00, 0x00, 0x00, 0x00, 0x00, 0x00, 0x00, 0x00, 0x00, 0x00, 0x00, 0x00, 0x00, 
  0x00, 0x00, 0x00, 0x00, 0x00, 0x00, 0x00, 0x02, 0x00, 0x00, 0x00, 0x00, 0x14, 0x0a, 0x05, 0x33, 
  0x5b, 0x3b, 0x13, 0xff, 0x32, 0x1e, 0x09, 0xfe, 0x7f, 0x16, 0x02, 0xff, 0x98, 0x2a, 0x09, 0xff, 
  0x68, 0x51, 0x17, 0xff, 0x90, 0x97, 0x28, 0xff, 0x9e, 0xab, 0x2a, 0xfc, 0x9a, 0xb0, 0x29, 0xff, 
  0x91, 0xaf, 0x27, 0xff, 0x91, 0xaf, 0x25, 0xff, 0x70, 0x86, 0x1e, 0xff, 0x42, 0x42, 0x10, 0xff, 
  0x4e, 0x48, 0x13, 0xff, 0x54, 0x45, 0x14, 0xff, 0x59, 0x44, 0x15, 0xff, 0x61, 0x45, 0x16, 0xff, 
  0x6a, 0x48, 0x16, 0xff, 0x72, 0x4a, 0x16, 0xff, 0x7a, 0x4c, 0x15, 0xff, 0x7e, 0x4c, 0x16, 0xff, 
  0x84, 0x4e, 0x16, 0xff, 0x89, 0x4e, 0x16, 0xff, 0x8c, 0x4f, 0x16, 0xff, 0x91, 0x51, 0x16, 0xff, 
  0x96, 0x53, 0x17, 0xff, 0x99, 0x55, 0x17, 0xff, 0x9d, 0x56, 0x18, 0xff, 0xa1, 0x58, 0x19, 0xfd, 
  0xaa, 0x5e, 0x1a, 0xff, 0x7b, 0x45, 0x19, 0xd5, 0x00, 0x00, 0x00, 0x01, 0x01, 0x00, 0x00, 0x00, 
  0x00, 0x00, 0x00, 0x01, 0x00, 0x00, 0x00, 0x00, 0x00, 0x00, 0x00, 0x00, 0x00, 0x00, 0x00, 0x00, 
  0x00, 0x00, 0x00, 0x00, 0x00, 0x00, 0x00, 0x00, 0x00, 0x00, 0x00, 0x00, 0x00, 0x00, 0x00, 0x00, 
  0x00, 0x00, 0x00, 0x00, 0x00, 0x00, 0x00, 0x00, 0x00, 0x00, 0x00, 0x00, 0x00, 0x00, 0x00, 0x00, 
  0x00, 0x00, 0x00, 0x00, 0x00, 0x00, 0x00, 0x00, 0x00, 0x00, 0x00, 0x00, 0x00, 0x00, 0x00, 0x00, 
  0x00, 0x00, 0x00, 0x00, 0x00, 0x00, 0x00, 0x00, 0x00, 0x00, 0x00, 0x00, 0x00, 0x00, 0x00, 0x00, 
  0x00, 0x00, 0x00, 0x00, 0x00, 0x00, 0x00, 0x00, 0x00, 0x00, 0x00, 0x00, 0x00, 0x00, 0x00, 0x00, 
  0x00, 0x00, 0x00, 0x00, 0x00, 0x00, 0x00, 0x00, 0x00, 0x00, 0x00, 0x00, 0x00, 0x00, 0x00, 0x00, 
  0x00, 0x00, 0x00, 0x00, 0x00, 0x00, 0x00, 0x01, 0x01, 0x01, 0x00, 0x00, 0x00, 0x00, 0x00, 0x17, 
  0x57, 0x40, 0x13, 0xf3, 0x4a, 0x39, 0x11, 0xff, 0x19, 0x0a, 0x02, 0xfe, 0x66, 0x19, 0x04, 0xff, 
  0x9a, 0x2c, 0x08, 0xfe, 0xa9, 0x4e, 0x13, 0xfd, 0xa3, 0x74, 0x1d, 0xff, 0x9a, 0x89, 0x20, 0xff, 
  0x86, 0x8b, 0x21, 0xff, 0x82, 0xb5, 0x2a, 0xff, 0x62, 0x92, 0x23, 0xff, 0x3d, 0x48, 0x0f, 0xff, 
  0x4f, 0x50, 0x13, 0xff, 0x54, 0x4d, 0x15, 0xff, 0x5a, 0x4d, 0x16, 0xff, 0x62, 0x4e, 0x18, 0xff, 
  0x6c, 0x52, 0x19, 0xff, 0x74, 0x55, 0x1a, 0xff, 0x79, 0x56, 0x1a, 0xff, 0x7f, 0x57, 0x1a, 0xff, 
  0x84, 0x59, 0x1b, 0xff, 0x8a, 0x5e, 0x1c, 0xff, 0x90, 0x5f, 0x1c, 0xff, 0x92, 0x60, 0x1d, 0xff, 
  0x98, 0x63, 0x1d, 0xff, 0x9c, 0x66, 0x1e, 0xff, 0x9f, 0x68, 0x1f, 0xff, 0xa2, 0x6a, 0x20, 0xfd, 
  0xaa, 0x70, 0x22, 0xff, 0x7e, 0x53, 0x1d, 0xd8, 0x00, 0x00, 0x00, 0x00, 0x01, 0x00, 0x00, 0x00, 
  0x00, 0x00, 0x00, 0x01, 0x00, 0x00, 0x00, 0x00, 0x00, 0x00, 0x00, 0x00, 0x00, 0x00, 0x00, 0x00, 
  0x00, 0x00, 0x00, 0x00, 0x00, 0x00, 0x00, 0x00, 0x00, 0x00, 0x00, 0x00, 0x00, 0x00, 0x00, 0x00, 
  0x00, 0x00, 0x00, 0x00, 0x00, 0x00, 0x00, 0x00, 0x00, 0x00, 0x00, 0x00, 0x00, 0x00, 0x00, 0x00, 
  0x00, 0x00, 0x00, 0x00, 0x00, 0x00, 0x00, 0x00, 0x00, 0x00, 0x00, 0x00, 0x00, 0x00, 0x00, 0x00, 
  0x00, 0x00, 0x00, 0x00, 0x00, 0x00, 0x00, 0x00, 0x00, 0x00, 0x00, 0x00, 0x00, 0x00, 0x00, 0x00, 
  0x00, 0x00, 0x00, 0x00, 0x00, 0x00, 0x00, 0x00, 0x00, 0x00, 0x00, 0x00, 0x00, 0x00, 0x00, 0x00, 
  0x00, 0x00, 0x00, 0x00, 0x00, 0x00, 0x00, 0x00, 0x00, 0x00, 0x00, 0x00, 0x00, 0x00, 0x00, 0x00, 
  0x00, 0x00, 0x00, 0x00, 0x00, 0x00, 0x00, 0x01, 0x01, 0x01, 0x00, 0x00, 0x3f, 0x3f, 0x00, 0x04, 
  0x49, 0x40, 0x12, 0xd7, 0x56, 0x4e, 0x16, 0xff, 0x23, 0x15, 0x06, 0xfd, 0x1b, 0x0d, 0x02, 0xff, 
  0x25, 0x0c, 0x02, 0xff, 0x41, 0x0e, 0x02, 0xff, 0x5c, 0x13, 0x03, 0xff, 0x68, 0x17, 0x07, 0xff, 
  0x87, 0x23, 0x08, 0xff, 0xa5, 0x55, 0x13, 0xff, 0x75, 0x6e, 0x1d, 0xff, 0x3b, 0x4c, 0x11, 0xff, 
  0x38, 0x52, 0x10, 0xff, 0x3e, 0x50, 0x10, 0xff, 0x47, 0x52, 0x12, 0xff, 0x52, 0x56, 0x15, 0xff, 
  0x5f, 0x5b, 0x18, 0xff, 0x68, 0x5f, 0x1b, 0xff, 0x72, 0x63, 0x1e, 0xff, 0x79, 0x66, 0x1f, 0xff, 
  0x82, 0x67, 0x1e, 0xff, 0x87, 0x68, 0x20, 0xff, 0x8c, 0x6b, 0x21, 0xff, 0x91, 0x6e, 0x21, 0xff, 
  0x95, 0x70, 0x22, 0xff, 0x99, 0x73, 0x22, 0xff, 0x9c, 0x75, 0x23, 0xff, 0xa1, 0x78, 0x24, 0xfd, 
  0xa8, 0x7f, 0x27, 0xff, 0x7d, 0x60, 0x21, 0xdc, 0x00, 0x00, 0x00, 0x03, 0x00, 0x00, 0x00, 0x00, 
  0x00, 0x00, 0x00, 0x01, 0x00, 0x00, 0x00, 0x00, 0x00, 0x00, 0x00, 0x00, 0x00, 0x00, 0x00, 0x00, 
  0x00, 0x00, 0x00, 0x00, 0x00, 0x00, 0x00, 0x00, 0x00, 0x00, 0x00, 0x00, 0x00, 0x00, 0x00, 0x00, 
  0x00, 0x00, 0x00, 0x00, 0x00, 0x00, 0x00, 0x00, 0x00, 0x00, 0x00, 0x00, 0x00, 0x00, 0x00, 0x00, 
  0x00, 0x00, 0x00, 0x00, 0x00, 0x00, 0x00, 0x00, 0x00, 0x00, 0x00, 0x00, 0x00, 0x00, 0x00, 0x00, 
  0x00, 0x00, 0x00, 0x00, 0x00, 0x00, 0x00, 0x00, 0x00, 0x00, 0x00, 0x00, 0x00, 0x00, 0x00, 0x00, 
  0x00, 0x00, 0x00, 0x00, 0x00, 0x00, 0x00, 0x00, 0x00, 0x00, 0x00, 0x00, 0x00, 0x00, 0x00, 0x00, 
  0x00, 0x00, 0x00, 0x00, 0x00, 0x00, 0x00, 0x00, 0x00, 0x00, 0x00, 0x00, 0x00, 0x00, 0x00, 0x00, 
  0x00, 0x00, 0x00, 0x00, 0x00, 0x00, 0x00, 0x00, 0x7f, 0xff, 0x00, 0x02, 0x00, 0x00, 0x00, 0x00, 
  0x32, 0x35, 0x0e, 0xc4, 0x70, 0x80, 0x1c, 0xff, 0x3b, 0x3f, 0x0f, 0xfc, 0x26, 0x11, 0x05, 0xff, 
  0x27, 0x12, 0x03, 0xff, 0x1f, 0x0f, 0x03, 0xff, 0x1b, 0x0d, 0x02, 0xff, 0x19, 0x0c, 0x01, 0xff, 
  0x26, 0x0f, 0x02, 0xff, 0x5b, 0x18, 0x05, 0xff, 0x9f, 0x34, 0x0b, 0xff, 0xb3, 0x4b, 0x14, 0xff, 
  0xab, 0x5a, 0x1f, 0xff, 0x9b, 0x64, 0x26, 0xff, 0x92, 0x63, 0x25, 0xff, 0x8e, 0x5f, 0x1f, 0xff, 
  0x8b, 0x5e, 0x1a, 0xff, 0x8a, 0x5b, 0x1a, 0xff, 0x8a, 0x54, 0x19, 0xff, 0x89, 0x4a, 0x17, 0xff, 
  0x7a, 0x64, 0x1c, 0xff, 0x85, 0x76, 0x21, 0xff, 0x88, 0x75, 0x21, 0xff, 0x8d, 0x79, 0x22, 0xff, 
  0x91, 0x7b, 0x24, 0xff, 0x94, 0x7e, 0x24, 0xff, 0x98, 0x81, 0x24, 0xff, 0x9b, 0x84, 0x26, 0xfd, 
  0xa0, 0x8b, 0x28, 0xff, 0x77, 0x68, 0x22, 0xe1, 0x00, 0x00, 0x00, 0x06, 0x00, 0x00, 0x00, 0x00, 
  0x00, 0x00, 0x00, 0x01, 0x00, 0x00, 0x00, 0x00, 0x00, 0x00, 0x00, 0x00, 0x00, 0x00, 0x00, 0x00, 
  0x00, 0x00, 0x00, 0x00, 0x00, 0x00, 0x00, 0x00, 0x00, 0x00, 0x00, 0x00, 0x00, 0x00, 0x00, 0x00, 
  0x00, 0x00, 0x00, 0x00, 0x00, 0x00, 0x00, 0x00, 0x00, 0x00, 0x00, 0x00, 0x00, 0x00, 0x00, 0x00, 
  0x00, 0x00, 0x00, 0x00, 0x00, 0x00, 0x00, 0x00, 0x00, 0x00, 0x00, 0x00, 0x00, 0x00, 0x00, 0x00, 
  0x00, 0x00, 0x00, 0x00, 0x00, 0x00, 0x00, 0x00, 0x00, 0x00, 0x00, 0x00, 0x00, 0x00, 0x00, 0x00, 
  0x00, 0x00, 0x00, 0x00, 0x00, 0x00, 0x00, 0x00, 0x00, 0x00, 0x00, 0x00, 0x00, 0x00, 0x00, 0x00, 
  0x00, 0x00, 0x00, 0x00, 0x00, 0x00, 0x00, 0x00, 0x00, 0x00, 0x00, 0x00, 0x00, 0x00, 0x00, 0x00, 
  0x00, 0x00, 0x00, 0x00, 0x55, 0xaa, 0x00, 0x03, 0x00, 0x00, 0x00, 0x00, 0x7c, 0x93, 0x22, 0x2d, 
  0x65, 0x7c, 0x1f, 0xf4, 0x85, 0xa6, 0x23, 0xfd, 0x5e, 0x77, 0x1b, 0xfe, 0x20, 0x17, 0x07, 0xff, 
  0x2a, 0x1a, 0x07, 0xff, 0x29, 0x15, 0x05, 0xff, 0x2a, 0x14, 0x04, 0xff, 0x2a, 0x13, 0x04, 0xff, 
  0x28, 0x12, 0x03, 0xff, 0x23, 0x12, 0x04, 0xff, 0x2c, 0x16, 0x05, 0xff, 0x4e, 0x22, 0x0a, 0xff, 
  0x75, 0x35, 0x14, 0xff, 0x8d, 0x46, 0x20, 0xff, 0x95, 0x4d, 0x22, 0xff, 0x91, 0x47, 0x1a, 0xff, 
  0x86, 0x3e, 0x14, 0xff, 0x79, 0x38, 0x11, 0xff, 0x6f, 0x34, 0x0f, 0xff, 0x72, 0x33, 0x0f, 0xff, 
  0x84, 0x54, 0x18, 0xff, 0x79, 0x7d, 0x1f, 0xff, 0x83, 0x80, 0x20, 0xff, 0x86, 0x83, 0x21, 0xff, 
  0x8b, 0x86, 0x23, 0xff, 0x8e, 0x8a, 0x23, 0xff, 0x91, 0x8d, 0x24, 0xff, 0x93, 0x91, 0x24, 0xfd, 
  0x96, 0x94, 0x26, 0xff, 0x6c, 0x6d, 0x22, 0xd8, 0x00, 0x00, 0x00, 0x01, 0x01, 0x01, 0x00, 0x00, 
  0x00, 0x00, 0x00, 0x01, 0x00, 0x00, 0x00, 0x00, 0x00, 0x00, 0x00, 0x00, 0x00, 0x00, 0x00, 0x00, 
  0x00, 0x00, 0x00, 0x00, 0x00, 0x00, 0x00, 0x00, 0x00, 0x00, 0x00, 0x00, 0x00, 0x00, 0x00, 0x00, 
  0x00, 0x00, 0x00, 0x00, 0x00, 0x00, 0x00, 0x00, 0x00, 0x00, 0x00, 0x00, 0x00, 0x00, 0x00, 0x00, 
  0x00, 0x00, 0x00, 0x00, 0x00, 0x00, 0x00, 0x00, 0x00, 0x00, 0x00, 0x00, 0x00, 0x00, 0x00, 0x00, 
  0x00, 0x00, 0x00, 0x00, 0x00, 0x00, 0x00, 0x00, 0x00, 0x00, 0x00, 0x00, 0x00, 0x00, 0x00, 0x00, 
  0x00, 0x00, 0x00, 0x00, 0x00, 0x00, 0x00, 0x00, 0x00, 0x00, 0x00, 0x00, 0x00, 0x00, 0x00, 0x00, 
  0x00, 0x00, 0x00, 0x00, 0x00, 0x00, 0x00, 0x00, 0x00, 0x00, 0x00, 0x00, 0x00, 0x00, 0x00, 0x00, 
  0x00, 0xff, 0x00, 0x01, 0xff, 0xff, 0x7f, 0x02, 0x3a, 0x75, 0x13, 0x0d, 0x7c, 0xba, 0x31, 0xd7, 
  0x7a, 0xb1, 0x2e, 0xff, 0x74, 0xb1, 0x2a, 0xfd, 0x6a, 0xa2, 0x27, 0xff, 0x25, 0x2c, 0x0a, 0xff, 
  0x26, 0x1d, 0x09, 0xff, 0x29, 0x1c, 0x08, 0xff, 0x29, 0x19, 0x07, 0xff, 0x29, 0x17, 0x06, 0xff, 
  0x28, 0x17, 0x06, 0xff, 0x2c, 0x18, 0x07, 0xff, 0x34, 0x1d, 0x07, 0xff, 0x36, 0x1f, 0x08, 0xff, 
  0x36, 0x20, 0x07, 0xff, 0x39, 0x21, 0x06, 0xff, 0x3f, 0x24, 0x08, 0xff, 0x47, 0x2a, 0x0a, 0xff, 
  0x50, 0x2f, 0x0d, 0xff, 0x59, 0x35, 0x0f, 0xff, 0x64, 0x3b, 0x10, 0xff, 0x62, 0x3c, 0x12, 0xff, 
  0x83, 0x4c, 0x19, 0xff, 0x77, 0x76, 0x1e, 0xff, 0x75, 0x8c, 0x1f, 0xff, 0x7b, 0x8c, 0x20, 0xff, 
  0x7f, 0x90, 0x20, 0xff, 0x83, 0x94, 0x22, 0xff, 0x85, 0x97, 0x23, 0xff, 0x8a, 0x9e, 0x23, 0xfc, 
  0x89, 0x9f, 0x25, 0xff, 0x61, 0x72, 0x1e, 0xca, 0x00, 0x00, 0x00, 0x00, 0xff, 0xff, 0x00, 0x01, 
  0x00, 0x00, 0x00, 0x00, 0x00, 0x00, 0x00, 0x00, 0x00, 0x00, 0x00, 0x00, 0x00, 0x00, 0x00, 0x00, 
  0x00, 0x00, 0x00, 0x00, 0x00, 0x00, 0x00, 0x00, 0x00, 0x00, 0x00, 0x00, 0x00, 0x00, 0x00, 0x00, 
  0x00, 0x00, 0x00, 0x00, 0x00, 0x00, 0x00, 0x00, 0x00, 0x00, 0x00, 0x00, 0x00, 0x00, 0x00, 0x00, 
  0x00, 0x00, 0x00, 0x00, 0x00, 0x00, 0x00, 0x00, 0x00, 0x00, 0x00, 0x00, 0x00, 0x00, 0x00, 0x00, 
  0x00, 0x00, 0x00, 0x00, 0x00, 0x00, 0x00, 0x00, 0x00, 0x00, 0x00, 0x00, 0x00, 0x00, 0x00, 0x00, 
  0x00, 0x00, 0x00, 0x00, 0x00, 0x00, 0x00, 0x00, 0x00, 0x00, 0x00, 0x00, 0x00, 0x00, 0x00, 0x00, 
  0x00, 0x00, 0x00, 0x00, 0x00, 0x00, 0x00, 0x00, 0x00, 0x00, 0x00, 0x00, 0x00, 0x00, 0x00, 0x00, 
  0x7f, 0xbf, 0x3f, 0x04, 0x00, 0x00, 0x00, 0x00, 0x74, 0xb3, 0x2c, 0xa8, 0x7a, 0xbd, 0x32, 0xff, 
  0x6e, 0xb0, 0x2a, 0xfc, 0x6e, 0xb6, 0x30, 0xff, 0x67, 0xb5, 0x36, 0xff, 0x2d, 0x4f, 0x17, 0xff, 
  0x1e, 0x1d, 0x06, 0xff, 0x27, 0x21, 0x0a, 0xff, 0x28, 0x1e, 0x09, 0xff, 0x28, 0x1d, 0x09, 0xff, 
  0x29, 0x1c, 0x08, 0xff, 0x29, 0x1c, 0x08, 0xff, 0x2e, 0x1f, 0x09, 0xff, 0x37, 0x24, 0x0b, 0xff, 
  0x40, 0x29, 0x0d, 0xff, 0x48, 0x2f, 0x0f, 0xff, 0x4e, 0x34, 0x11, 0xff, 0x53, 0x37, 0x11, 0xff, 
  0x59, 0x3c, 0x12, 0xff, 0x5e, 0x40, 0x13, 0xff, 0x62, 0x42, 0x14, 0xff, 0x66, 0x46, 0x15, 0xff, 
  0x70, 0x4b, 0x19, 0xff, 0x86, 0x6a, 0x21, 0xff, 0x67, 0x8d, 0x20, 0xff, 0x71, 0x95, 0x21, 0xff, 
  0x74, 0x98, 0x21, 0xff, 0x77, 0x9c, 0x23, 0xff, 0x79, 0x9f, 0x24, 0xff, 0x7c, 0xa5, 0x24, 0xfc, 
  0x7a, 0xa3, 0x26, 0xff, 0x56, 0x76, 0x20, 0xbd, 0x00, 0x00, 0x00, 0x00, 0x7f, 0xff, 0x00, 0x02, 
  0x00, 0x00, 0x00, 0x00, 0x00, 0x00, 0x00, 0x00, 0x00, 0x00, 0x00, 0x00, 0x00, 0x00, 0x00, 0x00, 
  0x00, 0x00, 0x00, 0x00, 0x00, 0x00, 0x00, 0x00, 0x00, 0x00, 0x00, 0x00, 0x00, 0x00, 0x00, 0x00, 
  0x00, 0x00, 0x00, 0x00, 0x00, 0x00, 0x00, 0x00, 0x00, 0x00, 0x00, 0x00, 0x00, 0x00, 0x00, 0x00, 
  0x00, 0x00, 0x00, 0x00, 0x00, 0x00, 0x00, 0x00, 0x00, 0x00, 0x00, 0x00, 0x00, 0x00, 0x00, 0x00, 
  0x00, 0x00, 0x00, 0x00, 0x00, 0x00, 0x00, 0x00, 0x00, 0x00, 0x00, 0x00, 0x00, 0x00, 0x00, 0x00, 
  0xff, 0xff, 0x00, 0x01, 0x00, 0x00, 0x00, 0x00, 0xff, 0xff, 0x00, 0x01, 0xff, 0xff, 0x00, 0x01, 
  0x7f, 0x7f, 0x00, 0x02, 0x7f, 0x7f, 0x00, 0x02, 0x7f, 0x7f, 0x00, 0x02, 0x55, 0x7f, 0x2a, 0x06, 
  0x00, 0x00, 0x00, 0x00, 0x5a, 0xa2, 0x30, 0x63, 0x6f, 0xbf, 0x3b, 0xff, 0x58, 0xab, 0x37, 0xfb, 
  0x58, 0xb5, 0x3e, 0xff, 0x52, 0xae, 0x3e, 0xff, 0x54, 0xb4, 0x42, 0xff, 0x3c, 0x82, 0x30, 0xff, 
  0x16, 0x20, 0x07, 0xff, 0x22, 0x27, 0x09, 0xff, 0x25, 0x21, 0x09, 0xff, 0x26, 0x20, 0x0a, 0xff, 
  0x27, 0x1f, 0x0a, 0xff, 0x27, 0x1f, 0x0a, 0xff, 0x2a, 0x20, 0x0a, 0xff, 0x32, 0x26, 0x0c, 0xff, 
  0x39, 0x2c, 0x0e, 0xff, 0x3f, 0x31, 0x0e, 0xff, 0x46, 0x36, 0x10, 0xff, 0x4b, 0x3b, 0x11, 0xff, 
  0x52, 0x40, 0x13, 0xff, 0x58, 0x44, 0x15, 0xff, 0x5c, 0x48, 0x16, 0xff, 0x63, 0x4e, 0x17, 0xff, 
  0x61, 0x4d, 0x18, 0xff, 0x85, 0x66, 0x23, 0xff, 0x6a, 0x84, 0x25, 0xff, 0x60, 0x9b, 0x24, 0xff, 
  0x67, 0x9d, 0x25, 0xff, 0x69, 0xa1, 0x26, 0xff, 0x6a, 0xa5, 0x27, 0xff, 0x6f, 0xac, 0x28, 0xfb, 
  0x6a, 0xa5, 0x2b, 0xff, 0x4a, 0x78, 0x24, 0xaf, 0x00, 0x00, 0x00, 0x00, 0x55, 0xaa, 0x00, 0x03, 
  0x00, 0x00, 0x00, 0x00, 0x00, 0x00, 0x00, 0x00, 0x00, 0x00, 0x00, 0x00, 0x00, 0x00, 0x00, 0x00, 
  0x00, 0x00, 0x00, 0x00, 0x00, 0x00, 0x00, 0x00, 0x00, 0x00, 0x00, 0x00, 0x00, 0x00, 0x00, 0x00, 
  0x00, 0x00, 0x00, 0x00, 0x00, 0x00, 0x00, 0x00, 0x00, 0x00, 0x00, 0x00, 0x00, 0x00, 0x00, 0x00, 
  0x00, 0x00, 0x00, 0x00, 0x00, 0x00, 0x00, 0x00, 0x00, 0x00, 0x00, 0x00, 0x00, 0x00, 0x00, 0x00, 
  0x00, 0x00, 0x00, 0x00, 0x00, 0x00, 0x00, 0x00, 0x00, 0x00, 0x00, 0x00, 0x00, 0x00, 0x00, 0x00, 
  0x00, 0x00, 0x00, 0x00, 0x00, 0x00, 0x00, 0x00, 0x00, 0x00, 0x00, 0x00, 0x00, 0x00, 0x00, 0x00, 
  0x00, 0x00, 0x00, 0x00, 0x00, 0x00, 0x00, 0x00, 0x00, 0x00, 0x00, 0x00, 0x00, 0x00, 0x00, 0x00, 
  0x5d, 0xd6, 0x50, 0x26, 0x58, 0xbb, 0x47, 0xf2, 0x4f, 0xa9, 0x3f, 0xfd, 0x51, 0xb1, 0x41, 0xfe, 
  0x4c, 0xaf, 0x43, 0xff, 0x42, 0xa8, 0x48, 0xff, 0x3e, 0xae, 0x52, 0xff, 0x37, 0xae, 0x56, 0xff, 
  0x16, 0x3a, 0x18, 0xff, 0x18, 0x24, 0x07, 0xff, 0x20, 0x27, 0x08, 0xff, 0x22, 0x24, 0x08, 0xff, 
  0x24, 0x22, 0x09, 0xff, 0x24, 0x21, 0x09, 0xff, 0x26, 0x22, 0x09, 0xff, 0x2c, 0x28, 0x0b, 0xff, 
  0x33, 0x2e, 0x0c, 0xff, 0x3a, 0x33, 0x0e, 0xff, 0x40, 0x38, 0x0f, 0xff, 0x45, 0x3d, 0x11, 0xff, 
  0x4b, 0x43, 0x12, 0xff, 0x50, 0x47, 0x13, 0xff, 0x56, 0x4c, 0x15, 0xff, 0x5b, 0x52, 0x16, 0xff, 
  0x5e, 0x55, 0x17, 0xff, 0x6d, 0x60, 0x1b, 0xff, 0x7e, 0x80, 0x25, 0xff, 0x4d, 0x95, 0x30, 0xff, 
  0x56, 0xa0, 0x32, 0xff, 0x58, 0xa2, 0x32, 0xff, 0x59, 0xa6, 0x34, 0xff, 0x5c, 0xae, 0x37, 0xfb, 
  0x54, 0xa2, 0x38, 0xff, 0x3c, 0x78, 0x2d, 0xa1, 0x00, 0x00, 0x00, 0x00, 0x3f, 0x7f, 0x3f, 0x04, 
  0x00, 0x00, 0x00, 0x00, 0x00, 0x00, 0x00, 0x00, 0x00, 0x00, 0x00, 0x00, 0x00, 0x00, 0x00, 0x00, 
  0x00, 0x00, 0x00, 0x00, 0x00, 0x00, 0x00, 0x00, 0x00, 0x00, 0x00, 0x00, 0x00, 0x00, 0x00, 0x00, 
  0x00, 0x00, 0x00, 0x00, 0x00, 0x00, 0x00, 0x00, 0x00, 0x00, 0x00, 0x00, 0x00, 0x00, 0x00, 0x00, 
  0x00, 0x00, 0x00, 0x00, 0x00, 0x00, 0x00, 0x00, 0x00, 0x00, 0x00, 0x00, 0x00, 0x00, 0x00, 0x00, 
  0x00, 0x00, 0x00, 0x00, 0x00, 0x00, 0x00, 0x00, 0xff, 0xff, 0x00, 0x01, 0x01, 0x01, 0x00, 0x00, 
  0x57, 0x4e, 0x1e, 0xaa, 0x7a, 0x75, 0x25, 0xd3, 0x75, 0x72, 0x22, 0xca, 0x68, 0x7b, 0x1e, 0xc6, 
  0x60, 0x78, 0x1f, 0xc3, 0x52, 0x75, 0x20, 0xbd, 0x48, 0x71, 0x1e, 0xba, 0x3b, 0x6c, 0x25, 0xb1, 
  0x47, 0x92, 0x37, 0xe9, 0x4f, 0xae, 0x45, 0xff, 0x41, 0xa7, 0x49, 0xfe, 0x3a, 0xab, 0x54, 0xff, 
  0x32, 0xa4, 0x55, 0xff, 0x30, 0xa7, 0x58, 0xff, 0x30, 0xab, 0x5d, 0xff, 0x31, 0xbc, 0x6b, 0xff, 
  0x1c, 0x74, 0x45, 0xff, 0x0e, 0x1f, 0x0a, 0xff, 0x18, 0x2b, 0x0c, 0xff, 0x1c, 0x28, 0x08, 0xff, 
  0x1f, 0x27, 0x08, 0xff, 0x20, 0x26, 0x08, 0xff, 0x22, 0x25, 0x08, 0xff, 0x24, 0x27, 0x09, 0xff, 
  0x2c, 0x2f, 0x0b, 0xff, 0x33, 0x35, 0x0d, 0xff, 0x38, 0x3b, 0x0e, 0xff, 0x3e, 0x40, 0x0f, 0xff, 
  0x44, 0x45, 0x11, 0xff, 0x48, 0x4a, 0x11, 0xff, 0x4d, 0x4f, 0x14, 0xff, 0x51, 0x53, 0x14, 0xff, 
  0x57, 0x5a, 0x16, 0xff, 0x56, 0x59, 0x17, 0xff, 0x76, 0x79, 0x1e, 0xff, 0x4b, 0x8d, 0x33, 0xff, 
  0x44, 0xa2, 0x3f, 0xff, 0x49, 0xa3, 0x3e, 0xff, 0x49, 0xa6, 0x41, 0xff, 0x4b, 0xad, 0x44, 0xfb, 
  0x41, 0x9d, 0x43, 0xff, 0x2d, 0x77, 0x3a, 0x93, 0x00, 0x00, 0x00, 0x00, 0x3f, 0x7f, 0x3f, 0x04, 
  0x00, 0x00, 0x00, 0x00, 0x00, 0x00, 0x00, 0x00, 0x00, 0x00, 0x00, 0x00, 0x00, 0x00, 0x00, 0x00, 
  0x00, 0x00, 0x00, 0x00, 0x00, 0x00, 0x00, 0x00, 0x00, 0x00, 0x00, 0x00, 0x00, 0x00, 0x00, 0x00, 
  0x00, 0x00, 0x00, 0x00, 0x00, 0x00, 0x00, 0x00, 0x00, 0x00, 0x00, 0x00, 0x00, 0x00, 0x00, 0x00, 
  0x00, 0x00, 0x00, 0x00, 0x00, 0x00, 0x00, 0x00, 0x00, 0x00, 0x00, 0x00, 0x00, 0x00, 0x00, 0x00, 
  0x00, 0x00, 0x00, 0x00, 0xaa, 0xaa, 0x55, 0x03, 0x00, 0x00, 0x00, 0x00, 0x75, 0x71, 0x22, 0x4a, 
  0x72, 0x70, 0x21, 0xff, 0x56, 0x57, 0x16, 0xff, 0x4d, 0x59, 0x16, 0xff, 0x47, 0x58, 0x14, 0xff, 
  0x41, 0x59, 0x16, 0xff, 0x3c, 0x5a, 0x18, 0xff, 0x35, 0x5b, 0x1c, 0xff, 0x2d, 0x5a, 0x21, 0xff, 
  0x23, 0x5a, 0x28, 0xff, 0x2b, 0x8e, 0x49, 0xfe, 0x31, 0xac, 0x5d, 0xff, 0x2c, 0xa4, 0x59, 0xff, 
  0x28, 0x9f, 0x5d, 0xff, 0x24, 0xa4, 0x69, 0xff, 0x1d, 0xa7, 0x73, 0xff, 0x19, 0xae, 0x7d, 0xff, 
  0x18, 0xad, 0x7e, 0xff, 0x0b, 0x3a, 0x24, 0xff, 0x0e, 0x24, 0x0d, 0xff, 0x15, 0x2a, 0x0d, 0xff, 
  0x18, 0x28, 0x0a, 0xff, 0x1b, 0x28, 0x09, 0xff, 0x1c, 0x28, 0x08, 0xff, 0x1e, 0x28, 0x08, 0xff, 
  0x24, 0x2e, 0x0a, 0xff, 0x2b, 0x35, 0x0c, 0xff, 0x31, 0x3c, 0x0d, 0xff, 0x36, 0x42, 0x0e, 0xff, 
  0x3b, 0x47, 0x10, 0xff, 0x40, 0x4c, 0x10, 0xff, 0x44, 0x53, 0x12, 0xff, 0x49, 0x59, 0x13, 0xff, 
  0x4f, 0x60, 0x14, 0xff, 0x4b, 0x5d, 0x14, 0xff, 0x62, 0x76, 0x19, 0xff, 0x55, 0x8a, 0x2e, 0xff, 
  0x2a, 0x99, 0x51, 0xff, 0x35, 0xa2, 0x51, 0xff, 0x33, 0xa6, 0x54, 0xff, 0x33, 0xa9, 0x56, 0xfb, 
  0x2e, 0x99, 0x53, 0xff, 0x20, 0x73, 0x44, 0x87, 0x00, 0x00, 0x00, 0x00, 0x3f, 0x7f, 0x3f, 0x04, 
  0x00, 0x00, 0x00, 0x00, 0x00, 0x00, 0x00, 0x00, 0x00, 0x00, 0x00, 0x00, 0x00, 0x00, 0x00, 0x00, 
  0x00, 0x00, 0x00, 0x00, 0x00, 0x00, 0x00, 0x00, 0x00, 0x00, 0x00, 0x00, 0x00, 0x00, 0x00, 0x00, 
  0x00, 0x00, 0x00, 0x00, 0x00, 0x00, 0x00, 0x00, 0x00, 0x00, 0x00, 0x00, 0x00, 0x00, 0x00, 0x00, 
  0x00, 0x00, 0x00, 0x00, 0x00, 0x00, 0x00, 0x00, 0x00, 0x00, 0x00, 0x00, 0x00, 0x00, 0x00, 0x00, 
  0x00, 0x00, 0x00, 0x00, 0xff, 0x7f, 0x7f, 0x02, 0x00, 0x00, 0x00, 0x03, 0x87, 0x89, 0x24, 0xcf, 
  0x9d, 0x99, 0x29, 0xfd, 0x91, 0xad, 0x25, 0xfa, 0x83, 0xa6, 0x22, 0xfd, 0x6b, 0xa1, 0x25, 0xfc, 
  0x5e, 0x9a, 0x25, 0xfc, 0x46, 0x91, 0x31, 0xfc, 0x3a, 0x89, 0x35, 0xfc, 0x25, 0x7d, 0x3e, 0xfc, 
  0x29, 0x9a, 0x53, 0xfe, 0x27, 0x95, 0x58, 0xff, 0x21, 0x8f, 0x5a, 0xff, 0x19, 0x96, 0x68, 0xff, 
  0x16, 0x9e, 0x74, 0xff, 0x16, 0xa2, 0x78, 0xff, 0x16, 0xa4, 0x7d, 0xff, 0x17, 0xa5, 0x83, 0xff, 
  0x18, 0xb3, 0x95, 0xff, 0x11, 0x7f, 0x70, 0xff, 0x06, 0x1e, 0x15, 0xff, 0x0c, 0x2a, 0x15, 0xff, 
  0x11, 0x29, 0x0f, 0xff, 0x14, 0x29, 0x0c, 0xff, 0x16, 0x28, 0x0b, 0xff, 0x18, 0x28, 0x0a, 0xff, 
  0x1d, 0x2d, 0x0b, 0xff, 0x23, 0x35, 0x0d, 0xff, 0x29, 0x3d, 0x0e, 0xff, 0x2f, 0x43, 0x0f, 0xff, 
  0x33, 0x49, 0x10, 0xff, 0x37, 0x4f, 0x12, 0xff, 0x3b, 0x55, 0x13, 0xff, 0x3f, 0x5b, 0x15, 0xff, 
  0x44, 0x60, 0x16, 0xff, 0x45, 0x65, 0x16, 0xff, 0x4c, 0x6e, 0x1b, 0xff, 0x5e, 0x90, 0x25, 0xff, 
  0x23, 0x8a, 0x52, 0xff, 0x23, 0x9d, 0x5f, 0xff, 0x24, 0x9f, 0x60, 0xff, 0x26, 0xa6, 0x65, 0xfd, 
  0x1c, 0x79, 0x4f, 0xff, 0x0e, 0x42, 0x33, 0x45, 0x00, 0x00, 0x00, 0x00, 0x00, 0x55, 0x55, 0x03, 
  0x00, 0x00, 0x00, 0x00, 0x00, 0x00, 0x00, 0x00, 0x00, 0x00, 0x00, 0x00, 0x00, 0x00, 0x00, 0x00, 
  0x00, 0x00, 0x00, 0x00, 0x00, 0x00, 0x00, 0x00, 0x00, 0x00, 0x00, 0x00, 0x00, 0x00, 0x00, 0x00, 
  0x00, 0x00, 0x00, 0x00, 0x00, 0x00, 0x00, 0x00, 0x00, 0x00, 0x00, 0x00, 0x00, 0x00, 0x00, 0x00, 
  0x00, 0x00, 0x00, 0x00, 0x00, 0x00, 0x00, 0x00, 0x00, 0x00, 0x00, 0x00, 0x00, 0x00, 0x00, 0x00, 
  0x00, 0x00, 0x00, 0x00, 0xff, 0xff, 0x00, 0x01, 0x00, 0x00, 0x00, 0x02, 0x61, 0x6d, 0x1d, 0xa7, 
  0x8c, 0x95, 0x28, 0xff, 0x94, 0xb4, 0x27, 0xfd, 0x92, 0xbb, 0x29, 0xff, 0x80, 0xc4, 0x2f, 0xff, 
  0x79, 0xc7, 0x35, 0xff, 0x5e, 0xc9, 0x48, 0xff, 0x53, 0xc8, 0x52, 0xff, 0x39, 0xc5, 0x69, 0xff, 
  0x32, 0xc5, 0x74, 0xff, 0x17, 0xb4, 0x87, 0xff, 0x14, 0x95, 0x6f, 0xff, 0x14, 0x81, 0x63, 0xff, 
  0x15, 0x86, 0x6c, 0xff, 0x14, 0x92, 0x80, 0xff, 0x13, 0x9c, 0x91, 0xff, 0x11, 0x9f, 0x98, 0xff, 
  0x11, 0xa0, 0x9a, 0xff, 0x14, 0xae, 0xa6, 0xff, 0x0a, 0x51, 0x4b, 0xff, 0x04, 0x1c, 0x13, 0xff, 
  0x0a, 0x2a, 0x19, 0xff, 0x0d, 0x28, 0x12, 0xff, 0x10, 0x29, 0x11, 0xff, 0x11, 0x29, 0x0f, 0xff, 
  0x14, 0x2b, 0x0f, 0xff, 0x19, 0x32, 0x10, 0xff, 0x1f, 0x3a, 0x11, 0xff, 0x24, 0x41, 0x12, 0xff, 
  0x29, 0x47, 0x14, 0xff, 0x2c, 0x4d, 0x16, 0xff, 0x30, 0x53, 0x17, 0xff, 0x33, 0x5a, 0x19, 0xff, 
  0x36, 0x5f, 0x1a, 0xff, 0x3a, 0x66, 0x1d, 0xff, 0x3a, 0x65, 0x20, 0xff, 0x51, 0x93, 0x2b, 0xff, 
  0x29, 0x86, 0x4d, 0xff, 0x10, 0x94, 0x72, 0xff, 0x16, 0x9e, 0x72, 0xfd, 0x15, 0x93, 0x6f, 0xff, 
  0x0b, 0x4c, 0x40, 0xd5, 0x00, 0x00, 0x00, 0x02, 0x00, 0xff, 0x00, 0x01, 0x00, 0x00, 0x00, 0x00, 
  0x00, 0x00, 0x00, 0x00, 0x00, 0x00, 0x00, 0x00, 0x00, 0x00, 0x00, 0x00, 0x00, 0x00, 0x00, 0x00, 
  0x00, 0x00, 0x00, 0x00, 0x00, 0x00, 0x00, 0x00, 0x00, 0x00, 0x00, 0x00, 0x00, 0x00, 0x00, 0x00, 
  0x00, 0x00, 0x00, 0x00, 0x00, 0x00, 0x00, 0x00, 0x00, 0x00, 0x00, 0x00, 0x00, 0x00, 0x00, 0x00, 
  0x00, 0x00, 0x00, 0x00, 0x00, 0x00, 0x00, 0x00, 0x00, 0x00, 0x00, 0x00, 0x00, 0x00, 0x00, 0x00, 
  0x00, 0x00, 0x00, 0x00, 0x00, 0x7f, 0x00, 0x02, 0x00, 0x00, 0x00, 0x00, 0x00, 0x00, 0x00, 0x0c, 
  0x72, 0x8f, 0x21, 0xf1, 0x90, 0xb0, 0x28, 0xff, 0x91, 0xbc, 0x2a, 0xfe, 0x7d, 0xc1, 0x2e, 0xff, 
  0x76, 0xc3, 0x35, 0xff, 0x5d, 0xc5, 0x46, 0xff, 0x53, 0xc4, 0x4f, 0xff, 0x38, 0xc2, 0x67, 0xff, 
  0x33, 0xc1, 0x6f, 0xff, 0x1a, 0xba, 0x88, 0xff, 0x1a, 0xba, 0x8d, 0xff, 0x14, 0xa7, 0x9d, 0xff, 
  0x12, 0x94, 0x90, 0xff, 0x12, 0x84, 0x81, 0xff, 0x13, 0x83, 0x81, 0xff, 0x16, 0x8c, 0x92, 0xff, 
  0x1a, 0x94, 0xa5, 0xff, 0x1e, 0x9d, 0xb8, 0xff, 0x1f, 0x91, 0xaf, 0xff, 0x06, 0x28, 0x2c, 0xff, 
  0x03, 0x1e, 0x19, 0xff, 0x06, 0x27, 0x1e, 0xff, 0x08, 0x26, 0x17, 0xff, 0x0b, 0x28, 0x14, 0xff, 
  0x0d, 0x29, 0x13, 0xff, 0x10, 0x2e, 0x15, 0xff, 0x15, 0x37, 0x17, 0xff, 0x19, 0x3d, 0x19, 0xff, 
  0x1c, 0x44, 0x1b, 0xff, 0x20, 0x4a, 0x1d, 0xff, 0x23, 0x50, 0x1f, 0xff, 0x26, 0x56, 0x21, 0xff, 
  0x2a, 0x5c, 0x23, 0xff, 0x2c, 0x64, 0x26, 0xff, 0x2b, 0x61, 0x26, 0xff, 0x3a, 0x89, 0x36, 0xff, 
  0x30, 0x8f, 0x4a, 0xff, 0x10, 0x87, 0x79, 0xff, 0x14, 0x99, 0x86, 0xfb, 0x11, 0x6c, 0x62, 0xff, 
  0x0a, 0x3a, 0x3d, 0x75, 0x00, 0x00, 0x00, 0x00, 0x00, 0x3f, 0x3f, 0x04, 0x00, 0x00, 0x00, 0x00, 
  0x00, 0x00, 0x00, 0x00, 0x00, 0x00, 0x00, 0x00, 0x00, 0x00, 0x00, 0x00, 0x00, 0x00, 0x00, 0x00, 
  0x00, 0x00, 0x00, 0x00, 0x00, 0x00, 0x00, 0x00, 0x00, 0x00, 0x00, 0x00, 0x00, 0x00, 0x00, 0x00, 
  0x00, 0x00, 0x00, 0x00, 0x00, 0x00, 0x00, 0x00, 0x00, 0x00, 0x00, 0x00, 0x00, 0x00, 0x00, 0x00, 
  0x00, 0x00, 0x00, 0x00, 0x00, 0x00, 0x00, 0x00, 0x00, 0x00, 0x00, 0x00, 0x00, 0x00, 0x00, 0x00, 
  0x00, 0x00, 0x00, 0x00, 0x00, 0x00, 0x00, 0x00, 0xaa, 0xaa, 0x55, 0x03, 0x01, 0x01, 0x00, 0x00, 
  0x6e, 0x8a, 0x21, 0xb1, 0x8c, 0xac, 0x29, 0xfe, 0x92, 0xc2, 0x2b, 0xfb, 0x7e, 0xc5, 0x30, 0xff, 
  0x76, 0xc7, 0x36, 0xff, 0x5d, 0xc8, 0x48, 0xff, 0x56, 0xc8, 0x4f, 0xff, 0x39, 0xc5, 0x69, 0xff, 
  0x37, 0xc6, 0x6d, 0xff, 0x1d, 0xba, 0x86, 0xff, 0x1b, 0xba, 0x8a, 0xff, 0x16, 0xb0, 0xa2, 0xff, 
  0x13, 0xb3, 0xa8, 0xff, 0x1b, 0xa8, 0xb5, 0xff, 0x23, 0x8f, 0xb9, 0xff, 0x20, 0x81, 0xa5, 0xff, 
  0x1f, 0x7a, 0x9e, 0xff, 0x1f, 0x83, 0xa7, 0xff, 0x24, 0x9f, 0xcb, 0xff, 0x22, 0x8b, 0xae, 0xff, 
  0x06, 0x27, 0x2a, 0xff, 0x02, 0x1b, 0x17, 0xff, 0x05, 0x25, 0x22, 0xff, 0x05, 0x25, 0x1d, 0xff, 
  0x06, 0x25, 0x19, 0xff, 0x08, 0x27, 0x19, 0xff, 0x0b, 0x2e, 0x1b, 0xff, 0x0f, 0x37, 0x1f, 0xff, 
  0x12, 0x40, 0x22, 0xff, 0x15, 0x46, 0x26, 0xff, 0x18, 0x4d, 0x28, 0xff, 0x1a, 0x53, 0x2a, 0xff, 
  0x1d, 0x59, 0x2d, 0xff, 0x1e, 0x5f, 0x30, 0xff, 0x1e, 0x5f, 0x30, 0xff, 0x24, 0x7b, 0x41, 0xff, 
  0x20, 0x7d, 0x4b, 0xff, 0x11, 0x7f, 0x80, 0xfe, 0x13, 0x84, 0x85, 0xff, 0x10, 0x47, 0x53, 0xf7, 
  0x12, 0x25, 0x38, 0x1b, 0x00, 0x00, 0x00, 0x00, 0x00, 0x00, 0x00, 0x02, 0x00, 0x00, 0x00, 0x00, 
  0x00, 0x00, 0x00, 0x00, 0x00, 0x00, 0x00, 0x00, 0x00, 0x00, 0x00, 0x00, 0x00, 0x00, 0x00, 0x00, 
  0x00, 0x00, 0x00, 0x00, 0x00, 0x00, 0x00, 0x00, 0x00, 0x00, 0x00, 0x00, 0x00, 0x00, 0x00, 0x00, 
  0x00, 0x00, 0x00, 0x00, 0x00, 0x00, 0x00, 0x00, 0x00, 0x00, 0x00, 0x00, 0x00, 0x00, 0x00, 0x00, 
  0x00, 0x00, 0x00, 0x00, 0x00, 0x00, 0x00, 0x00, 0x00, 0x00, 0x00, 0x00, 0x00, 0x00, 0x00, 0x00, 
  0x00, 0x00, 0x00, 0x00, 0x00, 0x00, 0x00, 0x00, 0x55, 0xaa, 0x00, 0x03, 0x00, 0x00, 0x00, 0x00, 
  0x61, 0x7c, 0x1a, 0x4c, 0x83, 0x9d, 0x25, 0xff, 0x8c, 0xbc, 0x2b, 0xfc, 0x80, 0xca, 0x30, 0xff, 
  0x78, 0xc9, 0x37, 0xff, 0x5d, 0xca, 0x4a, 0xff, 0x59, 0xca, 0x4f, 0xff, 0x3a, 0xc8, 0x6b, 0xff, 
  0x39, 0xc8, 0x6b, 0xff, 0x21, 0xbc, 0x84, 0xff, 0x1a, 0xbc, 0x89, 0xff, 0x17, 0xb3, 0x99, 0xff, 
  0x14, 0xac, 0xa6, 0xff, 0x17, 0xab, 0xa9, 0xff, 0x23, 0x9a, 0xc5, 0xff, 0x24, 0x9f, 0xc9, 0xff, 
  0x25, 0x96, 0xc5, 0xff, 0x2e, 0x7e, 0xc1, 0xff, 0x2a, 0x77, 0xb2, 0xff, 0x2f, 0x8a, 0xc6, 0xff, 
  0x2d, 0x85, 0xbb, 0xff, 0x0f, 0x3a, 0x4e, 0xff, 0x02, 0x19, 0x18, 0xff, 0x03, 0x1e, 0x1d, 0xff, 
  0x05, 0x24, 0x23, 0xff, 0x04, 0x24, 0x20, 0xff, 0x04, 0x25, 0x1e, 0xff, 0x07, 0x2d, 0x21, 0xff, 
  0x08, 0x34, 0x26, 0xff, 0x0a, 0x3c, 0x29, 0xff, 0x0c, 0x44, 0x2d, 0xff, 0x0f, 0x4b, 0x31, 0xff, 
  0x10, 0x52, 0x35, 0xff, 0x12, 0x58, 0x38, 0xff, 0x13, 0x5e, 0x3c, 0xff, 0x15, 0x61, 0x3d, 0xff, 
  0x0e, 0x5d, 0x4a, 0xff, 0x1a, 0x76, 0x94, 0xfb, 0x17, 0x59, 0x6f, 0xff, 0x11, 0x34, 0x47, 0xa1, 
  0x00, 0x00, 0x00, 0x00, 0x00, 0x55, 0x55, 0x03, 0x00, 0x00, 0x00, 0x00, 0x00, 0x00, 0x00, 0x00, 
  0x00, 0x00, 0x00, 0x00, 0x00, 0x00, 0x00, 0x00, 0x00, 0x00, 0x00, 0x00, 0x00, 0x00, 0x00, 0x00, 
  0x00, 0x00, 0x00, 0x00, 0x00, 0x00, 0x00, 0x00, 0x00, 0x00, 0x00, 0x00, 0x00, 0x00, 0x00, 0x00, 
  0x00, 0x00, 0x00, 0x00, 0x00, 0x00, 0x00, 0x00, 0x00, 0x00, 0x00, 0x00, 0x00, 0x00, 0x00, 0x00, 
  0x00, 0x00, 0x00, 0x00, 0x00, 0x00, 0x00, 0x00, 0x00, 0x00, 0x00, 0x00, 0x00, 0x00, 0x00, 0x00, 
  0x00, 0x00, 0x00, 0x00, 0x00, 0x00, 0x00, 0x00, 0x00, 0x00, 0x00, 0x00, 0x7f, 0xff, 0x00, 0x02, 
  0x00, 0x00, 0x00, 0x03, 0x67, 0x8c, 0x21, 0xcf, 0x7f, 0xb3, 0x2d, 0xff, 0x83, 0xcd, 0x30, 0xfc, 
  0x78, 0xc9, 0x37, 0xff, 0x5d, 0xcb, 0x4b, 0xff, 0x5c, 0xcb, 0x4d, 0xff, 0x3b, 0xc8, 0x69, 0xff, 
  0x3b, 0xcb, 0x69, 0xff, 0x26, 0xc0, 0x7f, 0xff, 0x19, 0xbc, 0x8c, 0xff, 0x1a, 0xba, 0x8f, 0xff, 
  0x15, 0xac, 0xa6, 0xff, 0x13, 0xaf, 0xa3, 0xff, 0x1b, 0xa1, 0xb0, 0xff, 0x24, 0x93, 0xc0, 0xff, 
  0x22, 0x95, 0xbe, 0xff, 0x30, 0x86, 0xce, 0xff, 0x3b, 0x84, 0xdb, 0xff, 0x37, 0x7c, 0xc9, 0xff, 
  0x34, 0x77, 0xbf, 0xff, 0x33, 0x7b, 0xc1, 0xff, 0x21, 0x58, 0x87, 0xff, 0x0c, 0x2b, 0x3b, 0xff, 
  0x03, 0x19, 0x1b, 0xff, 0x03, 0x1c, 0x1c, 0xff, 0x05, 0x23, 0x23, 0xff, 0x05, 0x2b, 0x29, 0xff, 
  0x05, 0x30, 0x2b, 0xff, 0x06, 0x36, 0x2e, 0xff, 0x07, 0x3c, 0x32, 0xff, 0x07, 0x41, 0x36, 0xff, 
  0x09, 0x48, 0x3a, 0xff, 0x09, 0x4e, 0x3f, 0xff, 0x0b, 0x55, 0x43, 0xff, 0x0b, 0x51, 0x43, 0xff, 
  0x0f, 0x57, 0x5c, 0xff, 0x20, 0x67, 0x8e, 0xfb, 0x24, 0x5e, 0x93, 0xff, 0x25, 0x53, 0x8b, 0x90, 
  0x00, 0x00, 0x00, 0x00, 0x00, 0xaa, 0xaa, 0x03, 0x00, 0x00, 0x00, 0x00, 0x00, 0x00, 0x00, 0x00, 
  0x00, 0x00, 0x00, 0x00, 0x00, 0x00, 0x00, 0x00, 0x00, 0x00, 0x00, 0x00, 0x00, 0x00, 0x00, 0x00, 
  0x00, 0x00, 0x00, 0x00, 0x00, 0x00, 0x00, 0x00, 0x00, 0x00, 0x00, 0x00, 0x00, 0x00, 0x00, 0x00, 
  0x00, 0x00, 0x00, 0x00, 0x00, 0x00, 0x00, 0x00, 0x00, 0x00, 0x00, 0x00, 0x00, 0x00, 0x00, 0x00, 
  0x00, 0x00, 0x00, 0x00, 0x00, 0x00, 0x00, 0x00, 0x00, 0x00, 0x00, 0x00, 0x00, 0x00, 0x00, 0x00, 
  0x00, 0x00, 0x00, 0x00, 0x00, 0x00, 0x00, 0x00, 0x00, 0x00, 0x00, 0x00, 0x55, 0xaa, 0x00, 0x03, 
  0x00, 0x00, 0x00, 0x00, 0x4d, 0x7f, 0x22, 0x42, 0x68, 0xa3, 0x2b, 0xff, 0x79, 0xbd, 0x2e, 0xfb, 
  0x7e, 0xcc, 0x34, 0xfe, 0x5d, 0xc8, 0x49, 0xff, 0x5e, 0xca, 0x49, 0xff, 0x41, 0xc5, 0x62, 0xff, 
  0x39, 0xc6, 0x6a, 0xff, 0x30, 0xc2, 0x74, 0xff, 0x18, 0xba, 0x8e, 0xff, 0x1b, 0xbc, 0x88, 0xff, 
  0x17, 0xb1, 0x99, 0xff, 0x14, 0xa8, 0xa6, 0xff, 0x14, 0xab, 0xa2, 0xff, 0x1d, 0x9e, 0xaf, 0xff, 
  0x23, 0x92, 0xbb, 0xff, 0x21, 0x8f, 0xb9, 0xff, 0x25, 0x7d, 0xc3, 0xff, 0x2d, 0x7a, 0xd5, 0xff, 
  0x31, 0x7d, 0xd7, 0xff, 0x2f, 0x75, 0xcf, 0xff, 0x32, 0x77, 0xcf, 0xff, 0x2f, 0x73, 0xbf, 0xff, 
  0x21, 0x54, 0x87, 0xff, 0x10, 0x31, 0x47, 0xff, 0x06, 0x1e, 0x24, 0xff, 0x04, 0x1e, 0x20, 0xff, 
  0x05, 0x26, 0x28, 0xff, 0x07, 0x2f, 0x32, 0xff, 0x08, 0x37, 0x39, 0xff, 0x08, 0x3d, 0x3e, 0xff, 
  0x08, 0x42, 0x42, 0xff, 0x09, 0x49, 0x48, 0xff, 0x0b, 0x4c, 0x49, 0xff, 0x0b, 0x4a, 0x4c, 0xff, 
  0x18, 0x51, 0x6f, 0xff, 0x34, 0x74, 0xbf, 0xfe, 0x39, 0x92, 0xeb, 0xfe, 0x35, 0x6f, 0xc4, 0xf7, 
  0x1f, 0x27, 0x57, 0x20, 0x00, 0xff, 0xff, 0x01, 0x00, 0x00, 0x7f, 0x02, 0x00, 0x00, 0x00, 0x00, 
  0x00, 0x00, 0x00, 0x00, 0x00, 0x00, 0x00, 0x00, 0x00, 0x00, 0x00, 0x00, 0x00, 0x00, 0x00, 0x00, 
  0x00, 0x00, 0x00, 0x00, 0x00, 0x00, 0x00, 0x00, 0x00, 0x00, 0x00, 0x00, 0x00, 0x00, 0x00, 0x00, 
  0x00, 0x00, 0x00, 0x00, 0x00, 0x00, 0x00, 0x00, 0x00, 0x00, 0x00, 0x00, 0x00, 0x00, 0x00, 0x00, 
  0x00, 0x00, 0x00, 0x00, 0x00, 0x00, 0x00, 0x00, 0x00, 0x00, 0x00, 0x00, 0x00, 0x00, 0x00, 0x00, 
  0x00, 0x00, 0x00, 0x00, 0x00, 0x00, 0x00, 0x00, 0x00, 0x00, 0x00, 0x00, 0x00, 0x00, 0x00, 0x00, 
  0x55, 0xaa, 0x55, 0x03, 0x00, 0x00, 0x00, 0x00, 0x56, 0x89, 0x23, 0x87, 0x71, 0xaf, 0x2f, 0xff, 
  0x79, 0xba, 0x2e, 0xfc, 0x65, 0xc6, 0x42, 0xff, 0x5a, 0xc7, 0x49, 0xff, 0x52, 0xc5, 0x51, 0xff, 
  0x35, 0xc1, 0x69, 0xff, 0x37, 0xc1, 0x68, 0xff, 0x24, 0xba, 0x7a, 0xff, 0x17, 0xb5, 0x87, 0xff, 
  0x17, 0xb4, 0x86, 0xff, 0x13, 0xa9, 0x94, 0xff, 0x0f, 0xa1, 0x9f, 0xff, 0x0d, 0x9f, 0x9e, 0xff, 
  0x12, 0x92, 0xa4, 0xff, 0x1e, 0x89, 0xa7, 0xff, 0x30, 0x91, 0x93, 0xff, 0x49, 0x8f, 0x69, 0xff, 
  0x4c, 0x81, 0x4b, 0xff, 0x43, 0x82, 0x6c, 0xff, 0x39, 0x7f, 0x91, 0xff, 0x33, 0x78, 0xa9, 0xff, 
  0x32, 0x75, 0xbf, 0xff, 0x30, 0x70, 0xc1, 0xff, 0x28, 0x60, 0xa5, 0xff, 0x1c, 0x49, 0x7b, 0xff, 
  0x12, 0x37, 0x54, 0xff, 0x0c, 0x2d, 0x3e, 0xff, 0x09, 0x2a, 0x36, 0xff, 0x09, 0x2d, 0x37, 0xff, 
  0x0a, 0x34, 0x3e, 0xff, 0x0c, 0x3e, 0x4b, 0xff, 0x0d, 0x3d, 0x47, 0xff, 0x15, 0x49, 0x66, 0xff, 
  0x35, 0x86, 0xdb, 0xff, 0x39, 0x89, 0xdf, 0xff, 0x35, 0x84, 0xd5, 0xfb, 0x41, 0x78, 0xe2, 0xff, 
  0x2e, 0x4d, 0x99, 0x9b, 0x00, 0x00, 0x00, 0x00, 0x55, 0xaa, 0xff, 0x03, 0x00, 0x00, 0x00, 0x00, 
  0x00, 0x00, 0x00, 0x00, 0x00, 0x00, 0x00, 0x00, 0x00, 0x00, 0x00, 0x00, 0x00, 0x00, 0x00, 0x00, 
  0x00, 0x00, 0x00, 0x00, 0x00, 0x00, 0x00, 0x00, 0x00, 0x00, 0x00, 0x00, 0x00, 0x00, 0x00, 0x00, 
  0x00, 0x00, 0x00, 0x00, 0x00, 0x00, 0x00, 0x00, 0x00, 0x00, 0x00, 0x00, 0x00, 0x00, 0x00, 0x00, 
  0x00, 0x00, 0x00, 0x00, 0x00, 0x00, 0x00, 0x00, 0x00, 0x00, 0x00, 0x00, 0x00, 0x00, 0x00, 0x00, 
  0x00, 0x00, 0x00, 0x00, 0x00, 0x00, 0x00, 0x00, 0x00, 0x00, 0x00, 0x00, 0x00, 0x00, 0x00, 0x00, 
  0x00, 0x00, 0x00, 0x00, 0x7f, 0xbf, 0x3f, 0x04, 0x00, 0x00, 0xff, 0x01, 0x55, 0x84, 0x18, 0x90, 
  0x68, 0xa2, 0x25, 0xff, 0x67, 0xa9, 0x29, 0xfd, 0x55, 0xac, 0x3c, 0xff, 0x52, 0xad, 0x3e, 0xff, 
  0x43, 0xaa, 0x49, 0xff, 0x34, 0xa6, 0x57, 0xff, 0x31, 0xa4, 0x58, 0xff, 0x27, 0xa0, 0x62, 0xff, 
  0x1f, 0x9c, 0x6b, 0xff, 0x21, 0x9e, 0x6a, 0xff, 0x29, 0xa0, 0x6a, 0xff, 0x34, 0xa2, 0x68, 0xff, 
  0x40, 0xa8, 0x58, 0xff, 0x46, 0x9d, 0x44, 0xff, 0x44, 0x7c, 0x29, 0xff, 0x30, 0x4f, 0x10, 0xff, 
  0x25, 0x43, 0x0e, 0xff, 0x2d, 0x58, 0x14, 0xff, 0x35, 0x6e, 0x1e, 0xff, 0x3d, 0x82, 0x2f, 0xff, 
  0x3d, 0x8a, 0x44, 0xff, 0x35, 0x85, 0x60, 0xff, 0x2e, 0x79, 0x84, 0xff, 0x32, 0x75, 0xa2, 0xff, 
  0x32, 0x72, 0xb5, 0xff, 0x2f, 0x6a, 0xb3, 0xff, 0x2a, 0x61, 0xa3, 0xff, 0x22, 0x55, 0x8a, 0xff, 
  0x1b, 0x48, 0x71, 0xff, 0x15, 0x3f, 0x5f, 0xff, 0x14, 0x3a, 0x57, 0xff, 0x36, 0x83, 0xd5, 0xff, 
  0x3f, 0x9a, 0xf9, 0xff, 0x3b, 0x92, 0xed, 0xff, 0x3a, 0x70, 0xcb, 0xfe, 0x42, 0x6f, 0xdc, 0xfe, 
  0x3a, 0x65, 0xc4, 0xf8, 0x1e, 0x36, 0x5c, 0x21, 0x7f, 0x7f, 0xff, 0x02, 0x00, 0x3f, 0x7f, 0x04, 
  0x00, 0x00, 0x00, 0x00, 0x00, 0x00, 0x00, 0x00, 0x00, 0x00, 0x00, 0x00, 0x00, 0x00, 0x00, 0x00, 
  0x00, 0x00, 0x00, 0x00, 0x00, 0x00, 0x00, 0x00, 0x00, 0x00, 0x00, 0x00, 0x00, 0x00, 0x00, 0x00, 
  0x00, 0x00, 0x00, 0x00, 0x00, 0x00, 0x00, 0x00, 0x00, 0x00, 0x00, 0x00, 0x00, 0x00, 0x00, 0x00, 
  0x00, 0x00, 0x00, 0x00, 0x00, 0x00, 0x00, 0x00, 0x00, 0x00, 0x00, 0x00, 0x00, 0x00, 0x00, 0x00, 
  0x00, 0x00, 0x00, 0x00, 0x00, 0x00, 0x00, 0x00, 0x00, 0x00, 0x00, 0x00, 0x00, 0x00, 0x00, 0x00, 
  0x55, 0x55, 0xaa, 0x03, 0x00, 0x00, 0x00, 0x02, 0x00, 0x00, 0x00, 0x00, 0x37, 0x59, 0xd0, 0x69, 
  0x3c, 0x62, 0x75, 0xff, 0x48, 0x7b, 0x33, 0xfc, 0x56, 0x93, 0x31, 0xff, 0x50, 0x91, 0x32, 0xff, 
  0x4d, 0x8f, 0x31, 0xff, 0x4b, 0x9d, 0x37, 0xff, 0x45, 0x9b, 0x39, 0xff, 0x49, 0x9f, 0x37, 0xff, 
  0x4a, 0xa0, 0x35, 0xff, 0x47, 0x9a, 0x33, 0xff, 0x43, 0x8c, 0x2b, 0xff, 0x38, 0x74, 0x22, 0xff, 
  0x27, 0x51, 0x1a, 0xff, 0x15, 0x31, 0x13, 0xff, 0x09, 0x1f, 0x10, 0xff, 0x08, 0x21, 0x12, 0xff, 
  0x0a, 0x23, 0x13, 0xff, 0x09, 0x20, 0x13, 0xff, 0x09, 0x22, 0x14, 0xff, 0x0f, 0x2c, 0x15, 0xff, 
  0x16, 0x42, 0x1d, 0xff, 0x1c, 0x61, 0x2c, 0xff, 0x23, 0x7f, 0x3a, 0xff, 0x1f, 0x87, 0x4c, 0xff, 
  0x18, 0x7c, 0x5f, 0xff, 0x1d, 0x75, 0x74, 0xff, 0x26, 0x74, 0x96, 0xff, 0x2e, 0x73, 0xaf, 0xff, 
  0x35, 0x7a, 0xc6, 0xff, 0x32, 0x75, 0xbc, 0xff, 0x3b, 0x82, 0xcd, 0xff, 0x49, 0xa2, 0xff, 0xff, 
  0x41, 0x8c, 0xec, 0xff, 0x42, 0x7c, 0xe9, 0xff, 0x40, 0x6d, 0xda, 0xff, 0x3b, 0x66, 0xc8, 0xfd, 
  0x34, 0x57, 0xae, 0xff, 0x23, 0x2a, 0x5f, 0x66, 0x00, 0x00, 0x00, 0x00, 0x00, 0x00, 0x00, 0x00, 
  0x3f, 0x3f, 0x7f, 0x04, 0x00, 0x00, 0x00, 0x00, 0x00, 0x00, 0x00, 0x00, 0x00, 0x00, 0x00, 0x00, 
  0x00, 0x00, 0x00, 0x00, 0x00, 0x00, 0x00, 0x00, 0x00, 0x00, 0x00, 0x00, 0x00, 0x00, 0x00, 0x00, 
  0x00, 0x00, 0x00, 0x00, 0x00, 0x00, 0x00, 0x00, 0x00, 0x00, 0x00, 0x00, 0x00, 0x00, 0x00, 0x00, 
  0x00, 0x00, 0x00, 0x00, 0x00, 0x00, 0x00, 0x00, 0x00, 0x00, 0x00, 0x00, 0x00, 0x00, 0x00, 0x00, 
  0x00, 0x00, 0x00, 0x00, 0x00, 0x00, 0x00, 0x00, 0x00, 0x00, 0x00, 0x01, 0x3f, 0x3f, 0xbf, 0x04, 
  0x00, 0x00, 0x00, 0x00, 0x3f, 0x7f, 0xff, 0x08, 0x36, 0x5c, 0xb5, 0x87, 0x2b, 0x44, 0x80, 0xff, 
  0x17, 0x20, 0x53, 0xfd, 0x19, 0x21, 0x56, 0xfe, 0x20, 0x30, 0x4f, 0xff, 0x23, 0x32, 0x43, 0xff, 
  0x23, 0x33, 0x40, 0xff, 0x25, 0x35, 0x3d, 0xff, 0x28, 0x35, 0x3f, 0xff, 0x27, 0x36, 0x43, 0xff, 
  0x22, 0x32, 0x41, 0xff, 0x1c, 0x2b, 0x3e, 0xff, 0x14, 0x24, 0x37, 0xff, 0x0b, 0x20, 0x2c, 0xff, 
  0x04, 0x1e, 0x1e, 0xff, 0x03, 0x22, 0x16, 0xff, 0x05, 0x27, 0x16, 0xff, 0x06, 0x28, 0x1a, 0xff, 
  0x06, 0x27, 0x1b, 0xff, 0x06, 0x27, 0x1a, 0xff, 0x06, 0x26, 0x1b, 0xff, 0x05, 0x24, 0x1c, 0xff, 
  0x03, 0x1f, 0x1a, 0xff, 0x03, 0x1c, 0x19, 0xff, 0x07, 0x29, 0x21, 0xff, 0x0b, 0x4c, 0x3a, 0xff, 
  0x0f, 0x73, 0x57, 0xff, 0x0d, 0x7f, 0x6a, 0xff, 0x0b, 0x71, 0x63, 0xff, 0x0f, 0x50, 0x57, 0xff, 
  0x15, 0x42, 0x60, 0xff, 0x37, 0x6e, 0xb7, 0xff, 0x52, 0x8d, 0xea, 0xff, 0x4d, 0x7f, 0xe3, 0xff, 
  0x4b, 0x7d, 0xf0, 0xff, 0x46, 0x76, 0xe9, 0xff, 0x40, 0x71, 0xdf, 0xff, 0x32, 0x55, 0xa6, 0xff, 
  0x3c, 0x67, 0xcb, 0xfd, 0x39, 0x55, 0xb6, 0xfb, 0x2e, 0x39, 0x87, 0xa0, 0x1b, 0x24, 0x48, 0x1c, 
  0x00, 0x00, 0x00, 0x00, 0x01, 0x01, 0x02, 0x00, 0x00, 0x55, 0x55, 0x03, 0x00, 0x00, 0x00, 0x00, 
  0x00, 0x00, 0x00, 0x00, 0x00, 0x00, 0x00, 0x00, 0x00, 0x00, 0x00, 0x00, 0x00, 0x00, 0x00, 0x00, 
  0x00, 0x00, 0x00, 0x00, 0x00, 0x00, 0x00, 0x00, 0x00, 0x00, 0x00, 0x00, 0x00, 0x00, 0x00, 0x00, 
  0x00, 0x00, 0x00, 0x00, 0x00, 0x00, 0x00, 0x00, 0x00, 0x00, 0x00, 0x00, 0x00, 0x00, 0x00, 0x00, 
  0x00, 0x00, 0x00, 0x00, 0x55, 0x55, 0xaa, 0x03, 0x00, 0x00, 0x00, 0x00, 0x00, 0x00, 0x00, 0x00, 
  0x3d, 0x6a, 0xd5, 0x3e, 0x32, 0x53, 0xa3, 0xd0, 0x20, 0x32, 0x63, 0xff, 0x18, 0x1c, 0x43, 0xfe, 
  0x2c, 0x2b, 0x6a, 0xff, 0x2f, 0x2d, 0x6e, 0xff, 0x2c, 0x26, 0x68, 0xff, 0x2e, 0x25, 0x6d, 0xff, 
  0x32, 0x27, 0x76, 0xff, 0x35, 0x2b, 0x80, 0xff, 0x38, 0x2f, 0x89, 0xff, 0x3a, 0x31, 0x8b, 0xff, 
  0x3b, 0x31, 0x88, 0xff, 0x3c, 0x31, 0x83, 0xff, 0x3b, 0x2e, 0x75, 0xff, 0x3a, 0x2d, 0x6b, 0xff, 
  0x32, 0x29, 0x61, 0xff, 0x26, 0x26, 0x59, 0xff, 0x19, 0x21, 0x44, 0xff, 0x0c, 0x1a, 0x2a, 0xff, 
  0x09, 0x1c, 0x25, 0xff, 0x09, 0x20, 0x2a, 0xff, 0x06, 0x21, 0x27, 0xff, 0x04, 0x1f, 0x21, 0xff, 
  0x05, 0x21, 0x21, 0xff, 0x05, 0x22, 0x23, 0xff, 0x04, 0x20, 0x23, 0xff, 0x04, 0x1b, 0x1f, 0xff, 
  0x06, 0x21, 0x26, 0xff, 0x0b, 0x44, 0x48, 0xff, 0x13, 0x59, 0x6a, 0xff, 0x15, 0x44, 0x63, 0xff, 
  0x21, 0x45, 0x7b, 0xff, 0x4a, 0x75, 0xdf, 0xff, 0x54, 0x81, 0xee, 0xff, 0x4f, 0x77, 0xd7, 0xff, 
  0x52, 0x82, 0xee, 0xff, 0x4d, 0x7f, 0xef, 0xff, 0x3b, 0x67, 0xc8, 0xff, 0x3e, 0x6f, 0xd7, 0xff, 
  0x3c, 0x68, 0xca, 0xff, 0x3c, 0x6a, 0xce, 0xff, 0x40, 0x58, 0xc1, 0xff, 0x36, 0x45, 0x9e, 0xeb, 
  0x2c, 0x37, 0x7f, 0x6e, 0x00, 0x00, 0x00, 0x03, 0x00, 0x00, 0x00, 0x00, 0x00, 0x00, 0x00, 0x00, 
  0x00, 0x00, 0x00, 0x00, 0x00, 0x00, 0x00, 0x00, 0x00, 0x00, 0x00, 0x00, 0x00, 0x00, 0x00, 0x00, 
  0x00, 0x00, 0x00, 0x00, 0x00, 0x00, 0x00, 0x00, 0x00, 0x00, 0x00, 0x00, 0x00, 0x00, 0x00, 0x00, 
  0x00, 0x00, 0x00, 0x00, 0x00, 0x00, 0x00, 0x00, 0x00, 0x00, 0x00, 0x00, 0x00, 0x00, 0x00, 0x01, 
  0x3f, 0x7f, 0xbf, 0x04, 0x00, 0x00, 0x00, 0x00, 0x38, 0x55, 0xe2, 0x09, 0x39, 0x64, 0xc7, 0x89, 
  0x2a, 0x44, 0x86, 0xfe, 0x1a, 0x25, 0x4e, 0xff, 0x23, 0x25, 0x5b, 0xfb, 0x37, 0x32, 0x7f, 0xff, 
  0x3c, 0x34, 0x86, 0xff, 0x3c, 0x34, 0x85, 0xff, 0x3c, 0x35, 0x86, 0xff, 0x3d, 0x37, 0x8b, 0xff, 
  0x3d, 0x38, 0x8c, 0xff, 0x3a, 0x32, 0x7e, 0xff, 0x36, 0x27, 0x66, 0xff, 0x32, 0x1d, 0x4f, 0xff, 
  0x2f, 0x17, 0x41, 0xff, 0x2d, 0x13, 0x3a, 0xff, 0x2c, 0x10, 0x33, 0xff, 0x2c, 0x0f, 0x31, 0xff, 
  0x2c, 0x10, 0x34, 0xff, 0x2f, 0x17, 0x44, 0xff, 0x36, 0x2a, 0x70, 0xff, 0x30, 0x2a, 0x6d, 0xff, 
  0x25, 0x20, 0x54, 0xff, 0x1f, 0x1c, 0x48, 0xff, 0x1c, 0x1f, 0x47, 0xff, 0x16, 0x1f, 0x41, 0xff, 
  0x0f, 0x1d, 0x35, 0xff, 0x0b, 0x19, 0x2b, 0xff, 0x09, 0x18, 0x25, 0xff, 0x08, 0x19, 0x24, 0xff, 
  0x07, 0x18, 0x22, 0xff, 0x06, 0x11, 0x1a, 0xff, 0x0d, 0x25, 0x37, 0xff, 0x1b, 0x3d, 0x6a, 0xff, 
  0x37, 0x60, 0xbc, 0xff, 0x44, 0x73, 0xdc, 0xff, 0x48, 0x77, 0xdf, 0xff, 0x50, 0x80, 0xea, 0xff, 
  0x53, 0x7c, 0xde, 0xff, 0x45, 0x64, 0xc4, 0xff, 0x3d, 0x55, 0xba, 0xff, 0x41, 0x60, 0xcb, 0xff, 
  0x40, 0x63, 0xcc, 0xff, 0x3b, 0x5b, 0xbb, 0xff, 0x38, 0x4b, 0xa5, 0xfc, 0x3d, 0x4e, 0xb1, 0xff, 
  0x3e, 0x50, 0xb6, 0xff, 0x33, 0x42, 0x95, 0xc8, 0x29, 0x34, 0x7b, 0x44, 0x00, 0x00, 0x55, 0x03, 
  0x00, 0x00, 0xff, 0x01, 0x00, 0x00, 0x00, 0x00, 0x00, 0x00, 0x00, 0x00, 0x00, 0x00, 0x00, 0x00, 
  0x00, 0x00, 0x00, 0x00, 0x00, 0x00, 0x00, 0x00, 0x00, 0x00, 0x00, 0x00, 0x00, 0x00, 0x00, 0x00, 
  0x00, 0x00, 0x00, 0x00, 0x00, 0x00, 0x00, 0x00, 0x00, 0x00, 0x00, 0x01, 0x00, 0x00, 0x00, 0x00, 
  0x00, 0x00, 0x00, 0x00, 0x3e, 0x69, 0xdb, 0x41, 0x35, 0x59, 0xb1, 0xd2, 0x23, 0x36, 0x6b, 0xff, 
  0x1d, 0x25, 0x55, 0xfe, 0x31, 0x35, 0x81, 0xfd, 0x3c, 0x34, 0x87, 0xff, 0x3a, 0x32, 0x83, 0xff, 
  0x39, 0x32, 0x81, 0xff, 0x3a, 0x34, 0x84, 0xff, 0x3b, 0x35, 0x87, 0xff, 0x38, 0x2d, 0x75, 0xff, 
  0x32, 0x1e, 0x54, 0xff, 0x2e, 0x13, 0x3b, 0xff, 0x2c, 0x0f, 0x33, 0xff, 0x2c, 0x0f, 0x33, 0xff, 
  0x2d, 0x10, 0x36, 0xff, 0x2d, 0x11, 0x37, 0xff, 0x2d, 0x12, 0x37, 0xff, 0x2c, 0x12, 0x37, 0xff, 
  0x2a, 0x11, 0x36, 0xff, 0x28, 0x0c, 0x2b, 0xff, 0x2f, 0x1f, 0x55, 0xff, 0x37, 0x32, 0x7f, 0xff, 
  0x35, 0x2f, 0x78, 0xff, 0x32, 0x2c, 0x71, 0xff, 0x2e, 0x28, 0x68, 0xff, 0x2b, 0x26, 0x63, 0xff, 
  0x27, 0x27, 0x61, 0xff, 0x24, 0x2a, 0x62, 0xff, 0x20, 0x29, 0x5d, 0xff, 0x1c, 0x25, 0x53, 0xff, 
  0x18, 0x22, 0x4a, 0xff, 0x15, 0x20, 0x43, 0xff, 0x10, 0x18, 0x33, 0xff, 0x26, 0x3a, 0x7b, 0xff, 
  0x3c, 0x5c, 0xbe, 0xff, 0x3a, 0x56, 0xb4, 0xff, 0x3e, 0x58, 0xb8, 0xff, 0x46, 0x5e, 0xc4, 0xff, 
  0x43, 0x54, 0xae, 0xff, 0x34, 0x41, 0x95, 0xff, 0x3e, 0x4f, 0xb4, 0xff, 0x3f, 0x4f, 0xb6, 0xff, 
  0x3f, 0x4f, 0xb6, 0xff, 0x40, 0x52, 0xba, 0xff, 0x3e, 0x4f, 0xb4, 0xff, 0x39, 0x48, 0xa2, 0xfe, 
  0x3a, 0x4a, 0xa8, 0xf9, 0x42, 0x55, 0xbf, 0xff, 0x24, 0x2e, 0x64, 0xd7, 0x00, 0x00, 0x00, 0x05, 
  0x7f, 0x7f, 0xff, 0x02, 0x00, 0x00, 0x00, 0x00, 0x00, 0x00, 0x00, 0x00, 0x00, 0x00, 0x00, 0x00, 
  0x00, 0x00, 0x00, 0x00, 0x00, 0x00, 0x00, 0x00, 0x00, 0x00, 0x00, 0x00, 0x00, 0x00, 0x00, 0x00, 
  0x00, 0x00, 0x00, 0x00, 0x00, 0x00, 0xff, 0x01, 0x00, 0x00, 0x00, 0x00, 0x4c, 0x7f, 0xff, 0x0a, 
  0x3c, 0x67, 0xcd, 0x8c, 0x2d, 0x4a, 0x90, 0xff, 0x1d, 0x29, 0x57, 0xff, 0x2a, 0x36, 0x7d, 0xfb, 
  0x3c, 0x42, 0x9c, 0xff, 0x3a, 0x32, 0x84, 0xff, 0x38, 0x31, 0x80, 0xff, 0x39, 0x32, 0x81, 0xff, 
  0x3b, 0x35, 0x89, 0xff, 0x39, 0x31, 0x7d, 0xff, 0x32, 0x1f, 0x55, 0xff, 0x2d, 0x11, 0x37, 0xff, 
  0x2c, 0x0f, 0x33, 0xff, 0x2d, 0x11, 0x37, 0xff, 0x2d, 0x12, 0x39, 0xff, 0x2d, 0x12, 0x39, 0xff, 
  0x2d, 0x12, 0x37, 0xff, 0x2d, 0x12, 0x36, 0xff, 0x2c, 0x11, 0x35, 0xff, 0x2b, 0x11, 0x34, 0xff, 
  0x2a, 0x10, 0x34, 0xff, 0x2a, 0x10, 0x33, 0xff, 0x31, 0x28, 0x69, 0xff, 0x33, 0x2d, 0x75, 0xff, 
  0x31, 0x2c, 0x70, 0xff, 0x31, 0x2c, 0x70, 0xff, 0x32, 0x2e, 0x73, 0xff, 0x32, 0x2d, 0x73, 0xff, 
  0x31, 0x2a, 0x6d, 0xff, 0x30, 0x2a, 0x6e, 0xff, 0x33, 0x3a, 0x89, 0xff, 0x34, 0x45, 0x9b, 0xff, 
  0x31, 0x41, 0x92, 0xff, 0x32, 0x41, 0x94, 0xff, 0x2d, 0x3b, 0x84, 0xff, 0x2f, 0x3c, 0x89, 0xff, 
  0x36, 0x44, 0x9c, 0xff, 0x37, 0x48, 0xa4, 0xff, 0x38, 0x49, 0xa6, 0xff, 0x39, 0x49, 0xa6, 0xff, 
  0x36, 0x45, 0x9e, 0xff, 0x39, 0x4a, 0xa8, 0xff, 0x36, 0x45, 0x9b, 0xff, 0x39, 0x4b, 0xa9, 0xff, 
  0x3f, 0x52, 0xb9, 0xff, 0x3f, 0x52, 0xb9, 0xff, 0x40, 0x52, 0xba, 0xff, 0x40, 0x53, 0xbb, 0xff, 
  0x3e, 0x4f, 0xb4, 0xfc, 0x25, 0x2f, 0x66, 0xff, 0x0a, 0x0e, 0x1c, 0x47, 0x00, 0x00, 0x00, 0x00, 
  0x00, 0x00, 0x55, 0x03, 0x00, 0x00, 0x00, 0x00, 0x00, 0x00, 0x00, 0x00, 0x00, 0x00, 0x00, 0x00, 
  0x00, 0x00, 0x00, 0x00, 0x00, 0x00, 0x00, 0x00, 0x00, 0x00, 0x00, 0x00, 0x00, 0x00, 0x00, 0x00, 
  0x00, 0x00, 0x7f, 0x02, 0x00, 0xff, 0xff, 0x01, 0x1b, 0x36, 0x6d, 0x1c, 0x31, 0x54, 0xa3, 0xd3, 
  0x28, 0x3e, 0x79, 0xff, 0x22, 0x2c, 0x65, 0xfe, 0x39, 0x4a, 0xab, 0xfd, 0x3f, 0x43, 0xa0, 0xff, 
  0x38, 0x2f, 0x7d, 0xff, 0x38, 0x31, 0x80, 0xff, 0x39, 0x33, 0x84, 0xff, 0x3b, 0x35, 0x87, 0xff, 
  0x36, 0x26, 0x66, 0xff, 0x2e, 0x13, 0x3d, 0xff, 0x2c, 0x0f, 0x33, 0xff, 0x2d, 0x11, 0x38, 0xff, 
  0x2d, 0x12, 0x39, 0xff, 0x2d, 0x11, 0x38, 0xff, 0x2d, 0x11, 0x38, 0xff, 0x2d, 0x12, 0x36, 0xff, 
  0x2c, 0x12, 0x36, 0xff, 0x2b, 0x11, 0x35, 0xff, 0x2b, 0x10, 0x34, 0xff, 0x2a, 0x11, 0x34, 0xff, 
  0x29, 0x0f, 0x2e, 0xff, 0x2b, 0x19, 0x48, 0xff, 0x32, 0x2e, 0x76, 0xff, 0x31, 0x2b, 0x6f, 0xff, 
  0x30, 0x2b, 0x6d, 0xff, 0x30, 0x2a, 0x6d, 0xff, 0x2f, 0x29, 0x69, 0xff, 0x2f, 0x28, 0x68, 0xff, 
  0x2f, 0x31, 0x78, 0xff, 0x32, 0x3d, 0x8d, 0xff, 0x33, 0x43, 0x96, 0xff, 0x33, 0x43, 0x97, 0xff, 
  0x35, 0x46, 0x9e, 0xff, 0x2e, 0x3c, 0x84, 0xff, 0x29, 0x33, 0x75, 0xff, 0x30, 0x3c, 0x8a, 0xff, 
  0x2d, 0x39, 0x80, 0xff, 0x31, 0x40, 0x8f, 0xff, 0x38, 0x48, 0xa1, 0xff, 0x31, 0x3c, 0x8a, 0xff, 
  0x35, 0x45, 0x9d, 0xff, 0x39, 0x4c, 0xab, 0xff, 0x3a, 0x4b, 0xab, 0xff, 0x37, 0x46, 0x9f, 0xff, 
  0x36, 0x46, 0x9e, 0xff, 0x3c, 0x4e, 0xb1, 0xff, 0x3f, 0x51, 0xb7, 0xff, 0x42, 0x56, 0xc2, 0xfc, 
  0x2e, 0x3c, 0x83, 0xff, 0x0f, 0x11, 0x25, 0xb2, 0x00, 0x00, 0x00, 0x00, 0x00, 0x00, 0x55, 0x03, 
  0x00, 0x00, 0x00, 0x00, 0x00, 0x00, 0x00, 0x00, 0x00, 0x00, 0x00, 0x00, 0x00, 0x00, 0x00, 0x00, 
  0x00, 0x00, 0x00, 0x00, 0x00, 0x00, 0x00, 0x00, 0x00, 0x00, 0x00, 0x00, 0x00, 0x00, 0x00, 0x00, 
  0x00, 0x00, 0x55, 0x03, 0x00, 0x00, 0x00, 0x00, 0x0e, 0x16, 0x28, 0x45, 0x21, 0x2d, 0x61, 0xff, 
  0x31, 0x40, 0x94, 0xfa, 0x41, 0x55, 0xc0, 0xff, 0x3c, 0x3f, 0x97, 0xff, 0x37, 0x2e, 0x7a, 0xff, 
  0x39, 0x32, 0x82, 0xff, 0x3a, 0x33, 0x85, 0xff, 0x39, 0x32, 0x80, 0xff, 0x32, 0x1d, 0x4f, 0xff, 
  0x2d, 0x0f, 0x33, 0xff, 0x2d, 0x10, 0x37, 0xff, 0x2d, 0x12, 0x39, 0xff, 0x2d, 0x11, 0x38, 0xff, 
  0x2d, 0x11, 0x38, 0xff, 0x2d, 0x11, 0x38, 0xff, 0x2d, 0x12, 0x36, 0xff, 0x2c, 0x12, 0x35, 0xff, 
  0x2b, 0x11, 0x35, 0xff, 0x2a, 0x10, 0x34, 0xff, 0x2a, 0x10, 0x32, 0xff, 0x29, 0x10, 0x32, 0xff, 
  0x27, 0x0f, 0x30, 0xff, 0x2f, 0x26, 0x65, 0xff, 0x30, 0x2b, 0x6f, 0xff, 0x2f, 0x29, 0x6a, 0xff, 
  0x2e, 0x28, 0x69, 0xff, 0x2e, 0x27, 0x65, 0xff, 0x2e, 0x2d, 0x71, 0xff, 0x30, 0x3c, 0x8a, 0xff, 
  0x32, 0x43, 0x96, 0xff, 0x31, 0x41, 0x93, 0xff, 0x31, 0x40, 0x92, 0xff, 0x32, 0x40, 0x92, 0xff, 
  0x27, 0x33, 0x70, 0xff, 0x1b, 0x1e, 0x48, 0xff, 0x26, 0x22, 0x57, 0xff, 0x2a, 0x26, 0x60, 0xff, 
  0x2b, 0x27, 0x63, 0xff, 0x29, 0x25, 0x5e, 0xff, 0x27, 0x25, 0x5a, 0xff, 0x29, 0x23, 0x5c, 0xff, 
  0x2f, 0x2d, 0x71, 0xff, 0x33, 0x3c, 0x8b, 0xff, 0x37, 0x48, 0xa3, 0xff, 0x3a, 0x4d, 0xae, 0xff, 
  0x39, 0x49, 0xa6, 0xff, 0x35, 0x44, 0x9a, 0xff, 0x3b, 0x4c, 0xad, 0xfe, 0x35, 0x45, 0x9b, 0xfd, 
  0x14, 0x16, 0x32, 0xf7, 0x0d, 0x06, 0x14, 0x25, 0x00, 0x00, 0xff, 0x01, 0x00, 0x00, 0x00, 0x02, 
  0x00, 0x00, 0x00, 0x00, 0x00, 0x00, 0x00, 0x00, 0x00, 0x00, 0x00, 0x00, 0x00, 0x00, 0x00, 0x00, 
  0x00, 0x00, 0x00, 0x00, 0x00, 0x00, 0x00, 0x00, 0x00, 0x00, 0x00, 0x00, 0x00, 0x00, 0x00, 0x00, 
  0x00, 0x00, 0x55, 0x03, 0x00, 0x00, 0x00, 0x00, 0x04, 0x04, 0x0d, 0x37, 0x28, 0x33, 0x75, 0xff, 
  0x43, 0x59, 0xc8, 0xfc, 0x39, 0x3b, 0x8f, 0xff, 0x37, 0x2e, 0x7a, 0xff, 0x39, 0x32, 0x81, 0xff, 
  0x3a, 0x34, 0x86, 0xff, 0x38, 0x2e, 0x78, 0xff, 0x2f, 0x16, 0x42, 0xff, 0x2c, 0x0f, 0x32, 0xff, 
  0x2e, 0x12, 0x3a, 0xff, 0x2d, 0x11, 0x38, 0xff, 0x2d, 0x11, 0x38, 0xff, 0x2d, 0x11, 0x38, 0xff, 
  0x2d, 0x12, 0x37, 0xff, 0x2d, 0x12, 0x36, 0xff, 0x2b, 0x11, 0x35, 0xff, 0x2a, 0x10, 0x35, 0xff, 
  0x2a, 0x10, 0x33, 0xff, 0x29, 0x10, 0x32, 0xff, 0x28, 0x10, 0x32, 0xff, 0x25, 0x0d, 0x2a, 0xff, 
  0x29, 0x1b, 0x48, 0xff, 0x30, 0x2b, 0x6e, 0xff, 0x2e, 0x28, 0x67, 0xff, 0x2d, 0x26, 0x65, 0xff, 
  0x2c, 0x26, 0x63, 0xff, 0x2e, 0x33, 0x7b, 0xff, 0x31, 0x40, 0x90, 0xff, 0x31, 0x3f, 0x8f, 0xff, 
  0x30, 0x3e, 0x8d, 0xff, 0x31, 0x41, 0x91, 0xff, 0x2e, 0x42, 0x8c, 0xff, 0x23, 0x2f, 0x65, 0xff, 
  0x19, 0x1c, 0x43, 0xff, 0x1c, 0x17, 0x3c, 0xff, 0x23, 0x1d, 0x4b, 0xff, 0x24, 0x1f, 0x50, 0xff, 
  0x26, 0x22, 0x57, 0xff, 0x29, 0x25, 0x5e, 0xff, 0x23, 0x1f, 0x50, 0xff, 0x22, 0x1f, 0x51, 0xff, 
  0x27, 0x21, 0x57, 0xff, 0x2c, 0x25, 0x62, 0xff, 0x2f, 0x2e, 0x73, 0xff, 0x34, 0x3e, 0x91, 0xff, 
  0x39, 0x4b, 0xa7, 0xff, 0x3b, 0x4e, 0xb0, 0xff, 0x35, 0x45, 0x9b, 0xfc, 0x1b, 0x1d, 0x42, 0xff, 
  0x0f, 0x0b, 0x1a, 0x87, 0x00, 0x00, 0x00, 0x00, 0x00, 0x00, 0x55, 0x03, 0x00, 0x00, 0x00, 0x00, 
  0x00, 0x00, 0x00, 0x00, 0x00, 0x00, 0x00, 0x00, 0x00, 0x00, 0x00, 0x00, 0x00, 0x00, 0x00, 0x00, 
  0x00, 0x00, 0x00, 0x00, 0x00, 0x00, 0x00, 0x00, 0x00, 0x00, 0x00, 0x00, 0x00, 0x00, 0x00, 0x00, 
  0x00, 0x00, 0x00, 0x00, 0x00, 0x00, 0x55, 0x03, 0x00, 0x00, 0x00, 0x03, 0x11, 0x12, 0x2d, 0x87, 
  0x34, 0x35, 0x81, 0xff, 0x39, 0x30, 0x80, 0xfc, 0x38, 0x31, 0x80, 0xff, 0x3a, 0x34, 0x87, 0xff, 
  0x37, 0x2c, 0x73, 0xff, 0x2e, 0x13, 0x3b, 0xff, 0x2c, 0x0f, 0x35, 0xff, 0x2d, 0x12, 0x3a, 0xff, 
  0x2d, 0x11, 0x38, 0xff, 0x2d, 0x11, 0x38, 0xff, 0x2d, 0x11, 0x37, 0xff, 0x2c, 0x12, 0x37, 0xff, 
  0x2c, 0x11, 0x35, 0xff, 0x2b, 0x10, 0x34, 0xff, 0x2a, 0x10, 0x34, 0xff, 0x2a, 0x10, 0x33, 0xff, 
  0x27, 0x10, 0x30, 0xff, 0x26, 0x10, 0x30, 0xff, 0x24, 0x0e, 0x2b, 0xff, 0x25, 0x12, 0x36, 0xff, 
  0x2d, 0x27, 0x65, 0xff, 0x2c, 0x27, 0x65, 0xff, 0x2b, 0x24, 0x5f, 0xff, 0x2a, 0x27, 0x64, 0xff, 
  0x2e, 0x37, 0x7f, 0xff, 0x2f, 0x3d, 0x8b, 0xff, 0x2e, 0x3b, 0x87, 0xff, 0x2e, 0x3e, 0x87, 0xff, 
  0x2a, 0x40, 0x83, 0xff, 0x25, 0x3b, 0x76, 0xff, 0x1d, 0x2e, 0x5e, 0xff, 0x19, 0x1c, 0x41, 0xff, 
  0x14, 0x0f, 0x27, 0xff, 0x14, 0x09, 0x19, 0xff, 0x19, 0x0a, 0x1e, 0xff, 0x1a, 0x0c, 0x23, 0xff, 
  0x1d, 0x0f, 0x2b, 0xff, 0x1e, 0x11, 0x2f, 0xff, 0x1b, 0x0f, 0x2a, 0xff, 0x22, 0x1b, 0x47, 0xff, 
  0x23, 0x20, 0x52, 0xff, 0x24, 0x21, 0x54, 0xff, 0x2a, 0x23, 0x5e, 0xff, 0x2e, 0x26, 0x65, 0xff, 
  0x30, 0x30, 0x77, 0xff, 0x38, 0x45, 0x9e, 0xfd, 0x26, 0x2c, 0x65, 0xff, 0x0e, 0x07, 0x15, 0xe0, 
  0x00, 0x00, 0x00, 0x0d, 0x00, 0x00, 0x7f, 0x02, 0x00, 0x00, 0x00, 0x01, 0x00, 0x00, 0x00, 0x00, 
  0x00, 0x00, 0x00, 0x00, 0x00, 0x00, 0x00, 0x00, 0x00, 0x00, 0x00, 0x00, 0x00, 0x00, 0x00, 0x00, 
  0x00, 0x00, 0x00, 0x00, 0x00, 0x00, 0x00, 0x00, 0x00, 0x00, 0x00, 0x00, 0x00, 0x00, 0x00, 0x00, 
  0x00, 0x00, 0x00, 0x00, 0x00, 0x00, 0x00, 0x01, 0x00, 0x00, 0xff, 0x01, 0x00, 0x00, 0x00, 0x03, 
  0x1a, 0x16, 0x3a, 0xd5, 0x3b, 0x34, 0x87, 0xff, 0x39, 0x34, 0x87, 0xfc, 0x37, 0x2b, 0x70, 0xff, 
  0x2d, 0x12, 0x39, 0xff, 0x2c, 0x10, 0x36, 0xff, 0x2d, 0x12, 0x39, 0xff, 0x2d, 0x11, 0x38, 0xff, 
  0x2d, 0x11, 0x38, 0xff, 0x2d, 0x11, 0x38, 0xff, 0x2d, 0x12, 0x36, 0xff, 0x2c, 0x11, 0x35, 0xff, 
  0x2b, 0x10, 0x33, 0xff, 0x2a, 0x10, 0x33, 0xff, 0x29, 0x10, 0x32, 0xff, 0x27, 0x10, 0x30, 0xff, 
  0x25, 0x0f, 0x2e, 0xff, 0x24, 0x0e, 0x2b, 0xff, 0x23, 0x0e, 0x2d, 0xff, 0x29, 0x22, 0x59, 0xff, 
  0x2a, 0x26, 0x61, 0xff, 0x28, 0x21, 0x58, 0xff, 0x28, 0x29, 0x66, 0xff, 0x2c, 0x38, 0x7f, 0xff, 
  0x2c, 0x39, 0x81, 0xff, 0x29, 0x39, 0x7b, 0xff, 0x25, 0x3a, 0x77, 0xff, 0x20, 0x36, 0x6a, 0xff, 
  0x1c, 0x2b, 0x58, 0xff, 0x1c, 0x22, 0x4b, 0xff, 0x1c, 0x17, 0x39, 0xff, 0x21, 0x0e, 0x2b, 0xff, 
  0x19, 0x0a, 0x1e, 0xff, 0x11, 0x08, 0x15, 0xff, 0x13, 0x08, 0x17, 0xff, 0x13, 0x07, 0x17, 0xff, 
  0x15, 0x08, 0x18, 0xff, 0x14, 0x07, 0x16, 0xff, 0x14, 0x07, 0x16, 0xff, 0x17, 0x09, 0x1c, 0xff, 
  0x1e, 0x14, 0x36, 0xff, 0x22, 0x1f, 0x4f, 0xff, 0x23, 0x20, 0x52, 0xff, 0x27, 0x22, 0x59, 0xff, 
  0x2e, 0x26, 0x65, 0xff, 0x27, 0x23, 0x5a, 0xfb, 0x14, 0x0e, 0x22, 0xff, 0x09, 0x02, 0x06, 0x6e, 
  0x00, 0x00, 0x00, 0x00, 0x00, 0x00, 0x00, 0x04, 0x00, 0x00, 0x00, 0x00, 0x00, 0x00, 0x00, 0x00, 
  0x00, 0x00, 0x00, 0x00, 0x00, 0x00, 0x00, 0x00, 0x00, 0x00, 0x00, 0x00, 0x00, 0x00, 0x00, 0x00, 
  0x00, 0x00, 0x00, 0x00, 0x00, 0x00, 0x00, 0x00, 0x00, 0x00, 0x00, 0x00, 0x00, 0x00, 0x00, 0x00, 
  0x00, 0x00, 0x00, 0x00, 0x00, 0x00, 0x00, 0x00, 0x00, 0x00, 0x00, 0x03, 0x01, 0x01, 0x01, 0x00, 
  0x04, 0x04, 0x0d, 0x3a, 0x27, 0x23, 0x59, 0xfe, 0x3a, 0x2d, 0x77, 0xfb, 0x2c, 0x11, 0x37, 0xfe, 
  0x2d, 0x10, 0x36, 0xff, 0x2d, 0x11, 0x39, 0xff, 0x2d, 0x11, 0x38, 0xff, 0x2d, 0x11, 0x38, 0xff, 
  0x2d, 0x12, 0x37, 0xff, 0x2d, 0x12, 0x36, 0xff, 0x2b, 0x11, 0x35, 0xff, 0x2a, 0x10, 0x33, 0xff, 
  0x29, 0x10, 0x32, 0xff, 0x27, 0x10, 0x30, 0xff, 0x25, 0x0f, 0x2e, 0xff, 0x24, 0x0e, 0x2d, 0xff, 
  0x23, 0x0d, 0x2a, 0xff, 0x21, 0x0c, 0x27, 0xff, 0x26, 0x1d, 0x4e, 0xff, 0x28, 0x23, 0x5c, 0xff, 
  0x26, 0x20, 0x55, 0xff, 0x27, 0x2b, 0x67, 0xff, 0x27, 0x34, 0x75, 0xff, 0x24, 0x32, 0x6c, 0xff, 
  0x20, 0x30, 0x64, 0xff, 0x1c, 0x2c, 0x59, 0xff, 0x1c, 0x22, 0x49, 0xff, 0x1d, 0x18, 0x3a, 0xff, 
  0x20, 0x11, 0x2f, 0xff, 0x22, 0x0d, 0x2a, 0xff, 0x25, 0x0d, 0x2c, 0xff, 0x22, 0x0d, 0x29, 0xff, 
  0x12, 0x09, 0x16, 0xff, 0x0f, 0x06, 0x12, 0xff, 0x10, 0x07, 0x14, 0xff, 0x10, 0x07, 0x14, 0xff, 
  0x10, 0x07, 0x15, 0xfd, 0x0c, 0x06, 0x10, 0xfb, 0x0d, 0x06, 0x11, 0xfc, 0x13, 0x08, 0x18, 0xff, 
  0x15, 0x07, 0x17, 0xff, 0x19, 0x0c, 0x24, 0xff, 0x20, 0x1a, 0x43, 0xff, 0x22, 0x20, 0x51, 0xff, 
  0x24, 0x22, 0x55, 0xff, 0x16, 0x11, 0x2a, 0xfb, 0x0d, 0x05, 0x0d, 0xfd, 0x0c, 0x06, 0x0e, 0x7a, 
  0x00, 0x00, 0x00, 0x01, 0x00, 0x00, 0x00, 0x04, 0x00, 0x00, 0x00, 0x00, 0x00, 0x00, 0x00, 0x00, 
  0x00, 0x00, 0x00, 0x00, 0x00, 0x00, 0x00, 0x00, 0x00, 0x00, 0x00, 0x00, 0x00, 0x00, 0x00, 0x00, 
  0x00, 0x00, 0x00, 0x00, 0x00, 0x00, 0x00, 0x00, 0x00, 0x00, 0x00, 0x00, 0x00, 0x00, 0x00, 0x00, 
  0x00, 0x00, 0x00, 0x00, 0x00, 0x00, 0x00, 0x00, 0x00, 0x00, 0x00, 0x00, 0x00, 0x00, 0x00, 0x03, 
  0x00, 0x00, 0x00, 0x00, 0x0c, 0x08, 0x14, 0x7d, 0x28, 0x11, 0x34, 0xff, 0x2e, 0x11, 0x38, 0xfb, 
  0x2d, 0x11, 0x38, 0xff, 0x2d, 0x11, 0x38, 0xff, 0x2d, 0x11, 0x37, 0xff, 0x2d, 0x12, 0x36, 0xff, 
  0x2c, 0x12, 0x35, 0xff, 0x2b, 0x11, 0x34, 0xff, 0x2a, 0x11, 0x33, 0xff, 0x28, 0x10, 0x31, 0xff, 
  0x26, 0x0f, 0x2f, 0xff, 0x24, 0x0f, 0x2d, 0xff, 0x22, 0x0e, 0x2a, 0xff, 0x21, 0x0d, 0x27, 0xff, 
  0x1f, 0x0b, 0x24, 0xff, 0x23, 0x19, 0x45, 0xff, 0x25, 0x21, 0x55, 0xff, 0x22, 0x1f, 0x4f, 0xff, 
  0x22, 0x29, 0x5f, 0xff, 0x20, 0x2c, 0x62, 0xff, 0x1b, 0x25, 0x52, 0xff, 0x1b, 0x1e, 0x44, 0xff, 
  0x1d, 0x17, 0x38, 0xff, 0x20, 0x10, 0x2d, 0xff, 0x23, 0x0d, 0x28, 0xff, 0x24, 0x0c, 0x29, 0xff, 
  0x25, 0x0d, 0x2a, 0xff, 0x25, 0x0e, 0x2d, 0xff, 0x22, 0x0e, 0x2b, 0xff, 0x15, 0x0a, 0x18, 0xff, 
  0x10, 0x06, 0x13, 0xff, 0x08, 0x03, 0x09, 0xff, 0x09, 0x04, 0x0a, 0xfe, 0x09, 0x04, 0x0b, 0xfc, 
  0x0c, 0x06, 0x0f, 0xff, 0x0c, 0x06, 0x0d, 0xff, 0x09, 0x04, 0x09, 0xff, 0x0c, 0x05, 0x0f, 0xfd, 
  0x11, 0x07, 0x16, 0xfe, 0x15, 0x07, 0x18, 0xff, 0x16, 0x08, 0x19, 0xff, 0x1e, 0x13, 0x35, 0xff, 
  0x1a, 0x15, 0x34, 0xff, 0x0e, 0x06, 0x0f, 0xfb, 0x11, 0x08, 0x14, 0xff, 0x10, 0x09, 0x15, 0x6d, 
  0x00, 0x00, 0x00, 0x00, 0x00, 0x00, 0x00, 0x04, 0x00, 0x00, 0x00, 0x00, 0x00, 0x00, 0x00, 0x00, 
  0x00, 0x00, 0x00, 0x00, 0x00, 0x00, 0x00, 0x00, 0x00, 0x00, 0x00, 0x00, 0x00, 0x00, 0x00, 0x00, 
  0x00, 0x00, 0x00, 0x00, 0x00, 0x00, 0x00, 0x00, 0x00, 0x00, 0x00, 0x00, 0x00, 0x00, 0x00, 0x00, 
  0x00, 0x00, 0x00, 0x00, 0x00, 0x00, 0x00, 0x00, 0x00, 0x00, 0x00, 0x00, 0x00, 0x00, 0x00, 0x01, 
  0x00, 0x00, 0x00, 0x04, 0x00, 0x00, 0x00, 0x00, 0x11, 0x07, 0x14, 0xb0, 0x2b, 0x11, 0x36, 0xff, 
  0x2e, 0x11, 0x39, 0xfc, 0x2d, 0x11, 0x36, 0xff, 0x2c, 0x12, 0x36, 0xff, 0x2b, 0x11, 0x35, 0xff, 
  0x2a, 0x11, 0x34, 0xff, 0x29, 0x10, 0x32, 0xff, 0x26, 0x10, 0x30, 0xff, 0x24, 0x0e, 0x2c, 0xff, 
  0x23, 0x0e, 0x29, 0xff, 0x21, 0x0d, 0x28, 0xff, 0x1f, 0x0c, 0x25, 0xff, 0x1d, 0x0b, 0x22, 0xff, 
  0x1f, 0x17, 0x3e, 0xff, 0x20, 0x1e, 0x4c, 0xff, 0x1c, 0x1d, 0x46, 0xff, 0x1c, 0x23, 0x50, 0xff, 
  0x1d, 0x20, 0x49, 0xff, 0x1d, 0x17, 0x38, 0xff, 0x20, 0x10, 0x2d, 0xff, 0x23, 0x0c, 0x28, 0xff, 
  0x24, 0x0b, 0x27, 0xff, 0x24, 0x0d, 0x2a, 0xff, 0x24, 0x0e, 0x2b, 0xff, 0x23, 0x0e, 0x2b, 0xff, 
  0x23, 0x0d, 0x2b, 0xff, 0x23, 0x0d, 0x2b, 0xff, 0x16, 0x0a, 0x19, 0xff, 0x15, 0x09, 0x19, 0xff, 
  0x16, 0x0a, 0x1a, 0xff, 0x0e, 0x06, 0x0f, 0xff, 0x0e, 0x06, 0x10, 0xff, 0x09, 0x03, 0x0a, 0xff, 
  0x06, 0x02, 0x06, 0xc6, 0x0d, 0x06, 0x0f, 0x73, 0x06, 0x03, 0x06, 0xa5, 0x09, 0x03, 0x09, 0xff, 
  0x0b, 0x04, 0x0d, 0xff, 0x0e, 0x06, 0x12, 0xfc, 0x13, 0x08, 0x18, 0xff, 0x15, 0x07, 0x17, 0xff, 
  0x10, 0x07, 0x12, 0xfb, 0x11, 0x08, 0x14, 0xff, 0x0e, 0x08, 0x12, 0xbf, 0x00, 0x00, 0x00, 0x04, 
  0x00, 0x00, 0x00, 0x02, 0x00, 0x00, 0x00, 0x00, 0x00, 0x00, 0x00, 0x00, 0x00, 0x00, 0x00, 0x00, 
  0x00, 0x00, 0x00, 0x00, 0x00, 0x00, 0x00, 0x00, 0x00, 0x00, 0x00, 0x00, 0x00, 0x00, 0x00, 0x00, 
  0x00, 0x00, 0x00, 0x00, 0x00, 0x00, 0x00, 0x00, 0x00, 0x00, 0x00, 0x00, 0x00, 0x00, 0x00, 0x00, 
  0x00, 0x00, 0x00, 0x00, 0x00, 0x00, 0x00, 0x00, 0x00, 0x00, 0x00, 0x00, 0x00, 0x00, 0x00, 0x00, 
  0x00, 0x00, 0x00, 0x01, 0x00, 0x00, 0x7f, 0x02, 0x00, 0x00, 0x00, 0x03, 0x18, 0x0c, 0x1b, 0xd4, 
  0x2c, 0x12, 0x35, 0xff, 0x2f, 0x13, 0x38, 0xfd, 0x2a, 0x11, 0x34, 0xff, 0x29, 0x10, 0x32, 0xff, 
  0x27, 0x0f, 0x30, 0xff, 0x25, 0x0f, 0x2e, 0xff, 0x24, 0x0e, 0x2b, 0xff, 0x22, 0x0d, 0x29, 0xff, 
  0x1f, 0x0d, 0x26, 0xff, 0x1d, 0x0b, 0x22, 0xff, 0x19, 0x0b, 0x20, 0xff, 0x1a, 0x14, 0x35, 0xff, 
  0x19, 0x19, 0x3d, 0xff, 0x18, 0x14, 0x34, 0xff, 0x1c, 0x15, 0x34, 0xff, 0x20, 0x11, 0x2f, 0xff, 
  0x23, 0x0d, 0x29, 0xff, 0x24, 0x0c, 0x28, 0xff, 0x23, 0x0d, 0x29, 0xff, 0x23, 0x0e, 0x2b, 0xff, 
  0x23, 0x0e, 0x2b, 0xff, 0x23, 0x0d, 0x2a, 0xff, 0x23, 0x0d, 0x2a, 0xff, 0x23, 0x0d, 0x2a, 0xff, 
  0x24, 0x0d, 0x2c, 0xff, 0x18, 0x0a, 0x1c, 0xff, 0x16, 0x09, 0x19, 0xff, 0x1a, 0x0a, 0x1f, 0xff, 
  0x11, 0x07, 0x14, 0xfc, 0x0f, 0x06, 0x12, 0xfd, 0x11, 0x07, 0x14, 0xcc, 0x05, 0x02, 0x07, 0x66, 
  0x00, 0x00, 0x00, 0x0c, 0x00, 0x00, 0x00, 0x00, 0x00, 0x00, 0x00, 0x00, 0x05, 0x02, 0x05, 0x5c, 
  0x07, 0x03, 0x07, 0xec, 0x0a, 0x04, 0x0b, 0xff, 0x0c, 0x05, 0x0f, 0xfc, 0x0e, 0x07, 0x12, 0xfb, 
  0x11, 0x09, 0x15, 0xff, 0x0f, 0x07, 0x12, 0xe7, 0x09, 0x09, 0x09, 0x1a, 0x00, 0x00, 0x00, 0x00, 
  0x00, 0x00, 0x00, 0x02, 0x00, 0x00, 0x00, 0x00, 0x00, 0x00, 0x00, 0x00, 0x00, 0x00, 0x00, 0x00, 
  0x00, 0x00, 0x00, 0x00, 0x00, 0x00, 0x00, 0x00, 0x00, 0x00, 0x00, 0x00, 0x00, 0x00, 0x00, 0x00, 
  0x00, 0x00, 0x00, 0x00, 0x00, 0x00, 0x00, 0x00, 0x00, 0x00, 0x00, 0x00, 0x00, 0x00, 0x00, 0x00, 
  0x00, 0x00, 0x00, 0x00, 0x00, 0x00, 0x00, 0x00, 0x00, 0x00, 0x00, 0x00, 0x00, 0x00, 0x00, 0x00, 
  0x7f, 0x00, 0x7f, 0x02, 0x00, 0x00, 0x00, 0x00, 0x53, 0x37, 0x58, 0x37, 0x2b, 0x1b, 0x30, 0xed, 
  0x13, 0x07, 0x18, 0xfd, 0x26, 0x0f, 0x2e, 0xfe, 0x2b, 0x11, 0x34, 0xff, 0x28, 0x11, 0x31, 0xff, 
  0x25, 0x0f, 0x2d, 0xff, 0x21, 0x0c, 0x27, 0xff, 0x1b, 0x0a, 0x21, 0xff, 0x17, 0x09, 0x1c, 0xff, 
  0x14, 0x08, 0x19, 0xff, 0x12, 0x08, 0x16, 0xff, 0x14, 0x0a, 0x1b, 0xff, 0x1a, 0x11, 0x2e, 0xff, 
  0x1f, 0x10, 0x2e, 0xff, 0x23, 0x0e, 0x2c, 0xff, 0x25, 0x0d, 0x29, 0xff, 0x24, 0x0c, 0x29, 0xff, 
  0x23, 0x0e, 0x2b, 0xff, 0x22, 0x0e, 0x2a, 0xff, 0x21, 0x0e, 0x29, 0xff, 0x21, 0x0d, 0x28, 0xff, 
  0x21, 0x0e, 0x28, 0xff, 0x21, 0x0d, 0x28, 0xff, 0x23, 0x0e, 0x2b, 0xff, 0x24, 0x0e, 0x2c, 0xff, 
  0x18, 0x0a, 0x1d, 0xff, 0x14, 0x09, 0x18, 0xff, 0x1d, 0x0b, 0x23, 0xff, 0x14, 0x08, 0x17, 0xff, 
  0x0d, 0x05, 0x0f, 0xfb, 0x10, 0x06, 0x13, 0xff, 0x0f, 0x07, 0x13, 0x43, 0x00, 0x00, 0x00, 0x00, 
  0x00, 0x00, 0x00, 0x01, 0x00, 0x00, 0x00, 0x04, 0x00, 0x00, 0x00, 0x03, 0x00, 0x00, 0x00, 0x00, 
  0x07, 0x00, 0x07, 0x21, 0x07, 0x02, 0x07, 0xb6, 0x08, 0x03, 0x0a, 0xff, 0x0f, 0x07, 0x12, 0xff, 
  0x11, 0x08, 0x14, 0xf5, 0x0d, 0x04, 0x0d, 0x38, 0x00, 0x00, 0x00, 0x00, 0x00, 0x00, 0x00, 0x03, 
  0x00, 0x00, 0x00, 0x00, 0x00, 0x00, 0x00, 0x00, 0x00, 0x00, 0x00, 0x00, 0x00, 0x00, 0x00, 0x00, 
  0x00, 0x00, 0x00, 0x00, 0x00, 0x00, 0x00, 0x00, 0x00, 0x00, 0x00, 0x00, 0x00, 0x00, 0x00, 0x00, 
  0x00, 0x00, 0x00, 0x00, 0x00, 0x00, 0x00, 0x00, 0x00, 0x00, 0x00, 0x00, 0x00, 0x00, 0x00, 0x00, 
  0x00, 0x00, 0x00, 0x00, 0x00, 0x00, 0x00, 0x00, 0x00, 0x00, 0x00, 0x00, 0x00, 0x00, 0x00, 0x01, 
  0x00, 0x00, 0x00, 0x01, 0x3f, 0x2d, 0x48, 0x1c, 0x31, 0x20, 0x36, 0xf2, 0x20, 0x0e, 0x27, 0xff, 
  0x2b, 0x12, 0x35, 0xfd, 0x1b, 0x0d, 0x21, 0xff, 0x17, 0x09, 0x1d, 0xff, 0x18, 0x08, 0x1e, 0xff, 
  0x15, 0x07, 0x1a, 0xff, 0x16, 0x0a, 0x1b, 0xff, 0x1c, 0x0e, 0x21, 0xff, 0x1c, 0x0e, 0x23, 0xff, 
  0x20, 0x0d, 0x27, 0xff, 0x23, 0x0e, 0x2b, 0xff, 0x26, 0x0f, 0x2e, 0xff, 0x27, 0x0f, 0x2e, 0xff, 
  0x26, 0x0f, 0x2e, 0xff, 0x24, 0x0e, 0x2c, 0xff, 0x23, 0x0e, 0x2b, 0xff, 0x22, 0x0d, 0x29, 0xff, 
  0x21, 0x0d, 0x28, 0xff, 0x20, 0x0c, 0x27, 0xff, 0x20, 0x0c, 0x27, 0xff, 0x20, 0x0c, 0x27, 0xff, 
  0x20, 0x0c, 0x26, 0xff, 0x22, 0x0d, 0x29, 0xff, 0x20, 0x0d, 0x27, 0xff, 0x13, 0x09, 0x18, 0xff, 
  0x12, 0x07, 0x17, 0xff, 0x1d, 0x0b, 0x24, 0xff, 0x18, 0x0a, 0x1c, 0xff, 0x0e, 0x05, 0x10, 0xfa, 
  0x0e, 0x06, 0x11, 0xff, 0x0c, 0x07, 0x10, 0x8d, 0x00, 0x00, 0x00, 0x00, 0x00, 0x00, 0x00, 0x06, 
  0x00, 0x00, 0x00, 0x01, 0x00, 0x00, 0x00, 0x00, 0x00, 0x00, 0x00, 0x00, 0x00, 0x00, 0x00, 0x04, 
  0x00, 0x00, 0x00, 0x00, 0x00, 0x00, 0x00, 0x00, 0x06, 0x02, 0x06, 0x75, 0x0e, 0x07, 0x10, 0xd6, 
  0x0c, 0x04, 0x10, 0x3e, 0x00, 0x00, 0x00, 0x00, 0x00, 0x00, 0x00, 0x03, 0x00, 0x00, 0x00, 0x00, 
  0x00, 0x00, 0x00, 0x00, 0x00, 0x00, 0x00, 0x00, 0x00, 0x00, 0x00, 0x00, 0x00, 0x00, 0x00, 0x00, 
  0x00, 0x00, 0x00, 0x00, 0x00, 0x00, 0x00, 0x00, 0x00, 0x00, 0x00, 0x00, 0x00, 0x00, 0x00, 0x00, 
  0x00, 0x00, 0x00, 0x00, 0x00, 0x00, 0x00, 0x00, 0x00, 0x00, 0x00, 0x00, 0x00, 0x00, 0x00, 0x00, 
  0x00, 0x00, 0x00, 0x00, 0x00, 0x00, 0x00, 0x00, 0x00, 0x00, 0x00, 0x00, 0x00, 0x00, 0x00, 0x01, 
  0x00, 0x00, 0x00, 0x02, 0x38, 0x2a, 0x38, 0x12, 0x1a, 0x0d, 0x20, 0xaf, 0x2d, 0x12, 0x37, 0xff, 
  0x31, 0x16, 0x3b, 0xfc, 0x39, 0x1e, 0x42, 0xfe, 0x34, 0x20, 0x3b, 0xff, 0x2c, 0x1c, 0x33, 0xff, 
  0x3e, 0x29, 0x45, 0xff, 0x45, 0x2e, 0x4e, 0xff, 0x3c, 0x21, 0x46, 0xff, 0x2f, 0x14, 0x3a, 0xff, 
  0x2c, 0x11, 0x36, 0xff, 0x2a, 0x10, 0x33, 0xff, 0x28, 0x10, 0x30, 0xff, 0x25, 0x10, 0x2f, 0xff, 
  0x23, 0x0e, 0x2c, 0xff, 0x22, 0x0d, 0x29, 0xff, 0x21, 0x0d, 0x28, 0xff, 0x20, 0x0c, 0x27, 0xff, 
  0x20, 0x0c, 0x26, 0xff, 0x20, 0x0c, 0x26, 0xff, 0x20, 0x0c, 0x26, 0xff, 0x20, 0x0c, 0x26, 0xff, 
  0x21, 0x0d, 0x28, 0xff, 0x1b, 0x0b, 0x20, 0xff, 0x11, 0x07, 0x14, 0xff, 0x16, 0x08, 0x1a, 0xff, 
  0x1e, 0x0a, 0x24, 0xff, 0x1c, 0x0b, 0x22, 0xff, 0x0f, 0x07, 0x12, 0xfa, 0x0f, 0x05, 0x11, 0xff, 
  0x0b, 0x04, 0x0d, 0x9c, 0x00, 0x00, 0x00, 0x00, 0x00, 0x00, 0x00, 0x03, 0x00, 0x00, 0x00, 0x01, 
  0x00, 0x00, 0x00, 0x00, 0x00, 0x00, 0x00, 0x00, 0x00, 0x00, 0x00, 0x00, 0x00, 0x00, 0x00, 0x00, 
  0x00, 0x00, 0x00, 0x02, 0x00, 0x00, 0x00, 0x00, 0x00, 0x00, 0x00, 0x00, 0x00, 0x00, 0x00, 0x03, 
  0x00, 0x00, 0x00, 0x00, 0x00, 0x00, 0x00, 0x02, 0x00, 0x00, 0x00, 0x00, 0x00, 0x00, 0x00, 0x00, 
  0x00, 0x00, 0x00, 0x00, 0x00, 0x00, 0x00, 0x00, 0x00, 0x00, 0x00, 0x00, 0x00, 0x00, 0x00, 0x00, 
  0x00, 0x00, 0x00, 0x00, 0x00, 0x00, 0x00, 0x00, 0x00, 0x00, 0x00, 0x00, 0x00, 0x00, 0x00, 0x00, 
  0x00, 0x00, 0x00, 0x00, 0x00, 0x00, 0x00, 0x00, 0x00, 0x00, 0x00, 0x00, 0x00, 0x00, 0x00, 0x00, 
  0x00, 0x00, 0x00, 0x00, 0x00, 0x00, 0x00, 0x00, 0x00, 0x00, 0x00, 0x00, 0x00, 0x00, 0x00, 0x00, 
  0x00, 0x00, 0x00, 0x01, 0x00, 0x00, 0x00, 0x00, 0x00, 0x00, 0x00, 0x00, 0x24, 0x10, 0x2d, 0x8d, 
  0x34, 0x19, 0x3e, 0xff, 0x3d, 0x21, 0x46, 0xfe, 0x4a, 0x2e, 0x53, 0xfd, 0x58, 0x3c, 0x62, 0xff, 
  0x58, 0x3c, 0x62, 0xff, 0x43, 0x28, 0x4d, 0xff, 0x2f, 0x15, 0x39, 0xff, 0x2b, 0x11, 0x33, 0xff, 
  0x2a, 0x10, 0x33, 0xff, 0x27, 0x10, 0x30, 0xff, 0x25, 0x0f, 0x2e, 0xff, 0x24, 0x0e, 0x2c, 0xff, 
  0x22, 0x0e, 0x2a, 0xff, 0x21, 0x0d, 0x28, 0xff, 0x20, 0x0c, 0x27, 0xff, 0x20, 0x0c, 0x26, 0xff, 
  0x1f, 0x0d, 0x26, 0xff, 0x1f, 0x0d, 0x25, 0xff, 0x1f, 0x0d, 0x26, 0xff, 0x20, 0x0d, 0x27, 0xff, 
  0x17, 0x0a, 0x1b, 0xff, 0x11, 0x07, 0x15, 0xff, 0x18, 0x09, 0x1d, 0xff, 0x1d, 0x0a, 0x22, 0xfd, 
  0x1d, 0x0b, 0x23, 0xff, 0x10, 0x07, 0x13, 0xfa, 0x0d, 0x06, 0x0f, 0xff, 0x0b, 0x04, 0x0d, 0xab, 
  0x00, 0x00, 0x00, 0x00, 0x00, 0x00, 0x00, 0x03, 0x00, 0x00, 0x00, 0x01, 0x00, 0x00, 0x00, 0x00, 
  0x00, 0x00, 0x00, 0x00, 0x00, 0x00, 0x00, 0x00, 0x00, 0x00, 0x00, 0x00, 0x00, 0x00, 0x00, 0x00, 
  0x00, 0x00, 0x00, 0x00, 0x00, 0x00, 0x00, 0x00, 0x00, 0x00, 0x00, 0x03, 0x00, 0x00, 0x00, 0x00, 
  0x00, 0x00, 0x00, 0x02, 0x00, 0x00, 0x00, 0x00, 0x00, 0x00, 0x00, 0x00, 0x00, 0x00, 0x00, 0x00, 
  0x00, 0x00, 0x00, 0x00, 0x00, 0x00, 0x00, 0x00, 0x00, 0x00, 0x00, 0x00, 0x00, 0x00, 0x00, 0x00, 
  0x00, 0x00, 0x00, 0x00, 0x00, 0x00, 0x00, 0x00, 0x00, 0x00, 0x00, 0x00, 0x00, 0x00, 0x00, 0x00, 
  0x00, 0x00, 0x00, 0x00, 0x00, 0x00, 0x00, 0x00, 0x00, 0x00, 0x00, 0x00, 0x00, 0x00, 0x00, 0x00, 
  0x00, 0x00, 0x00, 0x00, 0x00, 0x00, 0x00, 0x00, 0x00, 0x00, 0x00, 0x00, 0x00, 0x00, 0x00, 0x00, 
  0x00, 0x00, 0x00, 0x00, 0x00, 0x00, 0x00, 0x01, 0x7f, 0x00, 0x7f, 0x02, 0x00, 0x00, 0x00, 0x00, 
  0x28, 0x15, 0x2d, 0x6a, 0x3e, 0x24, 0x47, 0xfd, 0x51, 0x35, 0x5a, 0xff, 0x56, 0x3b, 0x5f, 0xfc, 
  0x49, 0x2f, 0x53, 0xff, 0x33, 0x19, 0x3d, 0xff, 0x2b, 0x11, 0x34, 0xff, 0x2a, 0x11, 0x33, 0xff, 
  0x28, 0x10, 0x31, 0xff, 0x25, 0x0f, 0x2e, 0xff, 0x23, 0x0e, 0x2c, 0xff, 0x22, 0x0d, 0x29, 0xff, 
  0x20, 0x0c, 0x27, 0xff, 0x1f, 0x0c, 0x26, 0xff, 0x1f, 0x0d, 0x25, 0xff, 0x1e, 0x0c, 0x25, 0xff, 
  0x1e, 0x0c, 0x24, 0xff, 0x1f, 0x0c, 0x25, 0xff, 0x1c, 0x0b, 0x22, 0xff, 0x13, 0x09, 0x17, 0xff, 
  0x13, 0x07, 0x18, 0xff, 0x19, 0x0a, 0x1f, 0xff, 0x1a, 0x0a, 0x20, 0xfd, 0x1c, 0x0a, 0x22, 0xff, 
  0x0f, 0x06, 0x13, 0xfa, 0x0c, 0x06, 0x0f, 0xff, 0x0c, 0x05, 0x0e, 0xb5, 0x00, 0x00, 0x00, 0x05, 
  0x00, 0x00, 0x00, 0x02, 0x00, 0x00, 0x00, 0x01, 0x00, 0x00, 0x00, 0x00, 0x00, 0x00, 0x00, 0x00, 
  0x00, 0x00, 0x00, 0x00, 0x00, 0x00, 0x00, 0x00, 0x00, 0x00, 0x00, 0x00, 0x00, 0x00, 0x00, 0x00, 
  0x00, 0x00, 0x00, 0x00, 0x00, 0x00, 0x00, 0x00, 0x00, 0x00, 0x00, 0x00, 0x00, 0x00, 0x00, 0x01, 
  0x00, 0x00, 0x00, 0x00, 0x00, 0x00, 0x00, 0x00, 0x00, 0x00, 0x00, 0x00, 0x00, 0x00, 0x00, 0x00, 
  0x00, 0x00, 0x00, 0x00, 0x00, 0x00, 0x00, 0x00, 0x00, 0x00, 0x00, 0x00, 0x00, 0x00, 0x00, 0x00, 
  0x00, 0x00, 0x00, 0x00, 0x00, 0x00, 0x00, 0x00, 0x00, 0x00, 0x00, 0x00, 0x00, 0x00, 0x00, 0x00, 
  0x00, 0x00, 0x00, 0x00, 0x00, 0x00, 0x00, 0x00, 0x00, 0x00, 0x00, 0x00, 0x00, 0x00, 0x00, 0x00, 
  0x00, 0x00, 0x00, 0x00, 0x00, 0x00, 0x00, 0x00, 0x00, 0x00, 0x00, 0x00, 0x00, 0x00, 0x00, 0x00, 
  0x00, 0x00, 0x00, 0x00, 0x00, 0x00, 0x00, 0x00, 0x00, 0x00, 0x00, 0x01, 0x3f, 0x3f, 0x3f, 0x04, 
  0x00, 0x00, 0x00, 0x00, 0x30, 0x1e, 0x34, 0x44, 0x4e, 0x35, 0x56, 0xe9, 0x55, 0x39, 0x5f, 0xff, 
  0x39, 0x1f, 0x43, 0xfb, 0x2c, 0x12, 0x36, 0xff, 0x2a, 0x10, 0x34, 0xff, 0x28, 0x10, 0x31, 0xff, 
  0x25, 0x0f, 0x2e, 0xff, 0x24, 0x0e, 0x2c, 0xff, 0x21, 0x0d, 0x28, 0xff, 0x20, 0x0d, 0x26, 0xff, 
  0x1e, 0x0c, 0x25, 0xff, 0x1d, 0x0c, 0x24, 0xff, 0x1d, 0x0b, 0x23, 0xff, 0x1d, 0x0b, 0x23, 0xff, 
  0x1e, 0x0b, 0x24, 0xff, 0x18, 0x09, 0x1d, 0xff, 0x11, 0x08, 0x14, 0xff, 0x15, 0x08, 0x1a, 0xff, 
  0x19, 0x09, 0x1e, 0xff, 0x18, 0x09, 0x1f, 0xfc, 0x1a, 0x0a, 0x20, 0xff, 0x0e, 0x05, 0x11, 0xd9, 
  0x0b, 0x05, 0x0e, 0xff, 0x0b, 0x05, 0x0e, 0xac, 0x00, 0x00, 0x00, 0x06, 0x00, 0x00, 0x00, 0x01, 
  0x00, 0x00, 0x00, 0x02, 0x00, 0x00, 0x00, 0x00, 0x00, 0x00, 0x00, 0x00, 0x00, 0x00, 0x00, 0x00, 
  0x00, 0x00, 0x00, 0x00, 0x00, 0x00, 0x00, 0x00, 0x00, 0x00, 0x00, 0x00, 0x00, 0x00, 0x00, 0x00, 
  0x00, 0x00, 0x00, 0x00, 0x00, 0x00, 0x00, 0x00, 0x00, 0x00, 0x00, 0x00, 0x00, 0x00, 0x00, 0x00, 
  0x00, 0x00, 0x00, 0x00, 0x00, 0x00, 0x00, 0x00, 0x00, 0x00, 0x00, 0x00, 0x00, 0x00, 0x00, 0x00, 
  0x00, 0x00, 0x00, 0x00, 0x00, 0x00, 0x00, 0x00, 0x00, 0x00, 0x00, 0x00, 0x00, 0x00, 0x00, 0x00, 
  0x00, 0x00, 0x00, 0x00, 0x00, 0x00, 0x00, 0x00, 0x00, 0x00, 0x00, 0x00, 0x00, 0x00, 0x00, 0x00, 
  0x00, 0x00, 0x00, 0x00, 0x00, 0x00, 0x00, 0x00, 0x00, 0x00, 0x00, 0x00, 0x00, 0x00, 0x00, 0x00, 
  0x00, 0x00, 0x00, 0x00, 0x00, 0x00, 0x00, 0x00, 0x00, 0x00, 0x00, 0x00, 0x00, 0x00, 0x00, 0x00, 
  0x00, 0x00, 0x00, 0x00, 0x00, 0x00, 0x00, 0x00, 0x00, 0x00, 0x00, 0x00, 0x00, 0x00, 0x00, 0x00, 
  0x3f, 0x3f, 0x3f, 0x04, 0x00, 0x00, 0x00, 0x00, 0x2b, 0x24, 0x33, 0x23, 0x39, 0x21, 0x42, 0xd0, 
  0x32, 0x16, 0x3c, 0xff, 0x29, 0x10, 0x33, 0xfb, 0x29, 0x10, 0x31, 0xff, 0x25, 0x0f, 0x2e, 0xff, 
  0x23, 0x0e, 0x2b, 0xff, 0x21, 0x0d, 0x28, 0xff, 0x1f, 0x0c, 0x25, 0xff, 0x1e, 0x0c, 0x24, 0xff, 
  0x1d, 0x0b, 0x23, 0xff, 0x1d, 0x0b, 0x22, 0xfe, 0x1d, 0x0a, 0x23, 0xfe, 0x1b, 0x0a, 0x21, 0xfe, 
  0x14, 0x08, 0x17, 0xff, 0x11, 0x07, 0x15, 0xff, 0x16, 0x09, 0x1b, 0xff, 0x18, 0x09, 0x1c, 0xfe, 
  0x18, 0x09, 0x1d, 0xfb, 0x19, 0x0a, 0x1f, 0xff, 0x0f, 0x07, 0x11, 0x90, 0x00, 0x00, 0x00, 0x2d, 
  0x0a, 0x05, 0x0b, 0x95, 0x00, 0x00, 0x00, 0x00, 0x00, 0x00, 0x00, 0x00, 0x00, 0x00, 0x00, 0x02, 
  0x00, 0x00, 0x00, 0x00, 0x00, 0x00, 0x00, 0x00, 0x00, 0x00, 0x00, 0x00, 0x00, 0x00, 0x00, 0x00, 
  0x00, 0x00, 0x00, 0x00, 0x00, 0x00, 0x00, 0x00, 0x00, 0x00, 0x00, 0x00, 0x00, 0x00, 0x00, 0x00, 
  0x00, 0x00, 0x00, 0x00, 0x00, 0x00, 0x00, 0x00, 0x00, 0x00, 0x00, 0x00, 0x00, 0x00, 0x00, 0x00, 
  0x00, 0x00, 0x00, 0x00, 0x00, 0x00, 0x00, 0x00, 0x00, 0x00, 0x00, 0x00, 0x00, 0x00, 0x00, 0x00, 
  0x00, 0x00, 0x00, 0x00, 0x00, 0x00, 0x00, 0x00, 0x00, 0x00, 0x00, 0x00, 0x00, 0x00, 0x00, 0x00, 
  0x00, 0x00, 0x00, 0x00, 0x00, 0x00, 0x00, 0x00, 0x00, 0x00, 0x00, 0x00, 0x00, 0x00, 0x00, 0x00, 
  0x00, 0x00, 0x00, 0x00, 0x00, 0x00, 0x00, 0x00, 0x00, 0x00, 0x00, 0x00, 0x00, 0x00, 0x00, 0x00, 
  0x00, 0x00, 0x00, 0x00, 0x00, 0x00, 0x00, 0x00, 0x00, 0x00, 0x00, 0x00, 0x00, 0x00, 0x00, 0x00, 
  0x00, 0x00, 0x00, 0x00, 0x00, 0x00, 0x00, 0x00, 0x00, 0x00, 0x00, 0x00, 0x00, 0x00, 0x00, 0x00, 
  0x00, 0x00, 0x00, 0x00, 0x3f, 0x00, 0x3f, 0x04, 0x00, 0x00, 0x00, 0x00, 0x00, 0x00, 0x00, 0x0f, 
  0x25, 0x10, 0x2d, 0xb7, 0x2c, 0x11, 0x35, 0xff, 0x25, 0x0f, 0x2e, 0xfa, 0x23, 0x0e, 0x2b, 0xfc, 
  0x21, 0x0d, 0x27, 0xfb, 0x20, 0x0c, 0x26, 0xfd, 0x1e, 0x0b, 0x24, 0xfc, 0x1c, 0x0a, 0x22, 0xfb, 
  0x1b, 0x0a, 0x21, 0xfc, 0x1b, 0x0a, 0x21, 0xff, 0x17, 0x09, 0x1c, 0xff, 0x11, 0x07, 0x15, 0xff, 
  0x12, 0x08, 0x16, 0xfd, 0x16, 0x08, 0x1b, 0xff, 0x15, 0x09, 0x1a, 0xfd, 0x17, 0x09, 0x1c, 0xfd, 
  0x18, 0x09, 0x1d, 0xff, 0x0d, 0x05, 0x10, 0x89, 0x00, 0x00, 0x00, 0x00, 0x00, 0x00, 0x00, 0x01, 
  0x00, 0x00, 0x00, 0x00, 0x00, 0x00, 0x00, 0x00, 0x00, 0x00, 0x00, 0x01, 0x00, 0x00, 0x00, 0x00, 
  0x00, 0x00, 0x00, 0x00, 0x00, 0x00, 0x00, 0x00, 0x00, 0x00, 0x00, 0x00, 0x00, 0x00, 0x00, 0x00, 
  0x00, 0x00, 0x00, 0x00, 0x00, 0x00, 0x00, 0x00, 0x00, 0x00, 0x00, 0x00, 0x00, 0x00, 0x00, 0x00, 
  0x00, 0x00, 0x00, 0x00, 0x00, 0x00, 0x00, 0x00, 0x00, 0x00, 0x00, 0x00, 0x00, 0x00, 0x00, 0x00, 
  0x00, 0x00, 0x00, 0x00, 0x00, 0x00, 0x00, 0x00, 0x00, 0x00, 0x00, 0x00, 0x00, 0x00, 0x00, 0x00, 
  0x00, 0x00, 0x00, 0x00, 0x00, 0x00, 0x00, 0x00, 0x00, 0x00, 0x00, 0x00, 0x00, 0x00, 0x00, 0x00, 
  0x00, 0x00, 0x00, 0x00, 0x00, 0x00, 0x00, 0x00, 0x00, 0x00, 0x00, 0x00, 0x00, 0x00, 0x00, 0x00, 
  0x00, 0x00, 0x00, 0x00, 0x00, 0x00, 0x00, 0x00, 0x00, 0x00, 0x00, 0x00, 0x00, 0x00, 0x00, 0x00, 
  0x00, 0x00, 0x00, 0x00, 0x00, 0x00, 0x00, 0x00, 0x00, 0x00, 0x00, 0x00, 0x00, 0x00, 0x00, 0x00, 
  0x00, 0x00, 0x00, 0x00, 0x00, 0x00, 0x00, 0x00, 0x00, 0x00, 0x00, 0x00, 0x00, 0x00, 0x00, 0x00, 
  0x00, 0x00, 0x00, 0x00, 0x00, 0x00, 0x00, 0x00, 0x00, 0x00, 0x55, 0x03, 0x00, 0x00, 0x01, 0x00, 
  0x00, 0x00, 0x00, 0x04, 0x21, 0x0e, 0x28, 0xaf, 0x27, 0x0f, 0x2f, 0xff, 0x22, 0x0d, 0x29, 0xff, 
  0x1d, 0x0c, 0x23, 0xff, 0x19, 0x0a, 0x1e, 0xff, 0x18, 0x0a, 0x1d, 0xff, 0x1a, 0x0a, 0x20, 0xff, 
  0x1a, 0x0a, 0x20, 0xff, 0x12, 0x08, 0x16, 0xfa, 0x10, 0x06, 0x12, 0xef, 0x13, 0x08, 0x19, 0xfe, 
  0x16, 0x09, 0x1c, 0xff, 0x14, 0x08, 0x19, 0xfc, 0x16, 0x09, 0x1c, 0xff, 0x14, 0x09, 0x19, 0xff, 
  0x0c, 0x04, 0x0e, 0x6a, 0x00, 0x00, 0x00, 0x00, 0x00, 0x00, 0x00, 0x03, 0x00, 0x00, 0x00, 0x01, 
  0x00, 0x00, 0x00, 0x02, 0x00, 0x00, 0x00, 0x01, 0x00, 0x00, 0x00, 0x00, 0x00, 0x00, 0x00, 0x00, 
  0x00, 0x00, 0x00, 0x00, 0x00, 0x00, 0x00, 0x00, 0x00, 0x00, 0x00, 0x00, 0x00, 0x00, 0x00, 0x00, 
  0x00, 0x00, 0x00, 0x00, 0x00, 0x00, 0x00, 0x00, 0x00, 0x00, 0x00, 0x00, 0x00, 0x00, 0x00, 0x00, 
  0x00, 0x00, 0x00, 0x00, 0x00, 0x00, 0x00, 0x00, 0x00, 0x00, 0x00, 0x00, 0x00, 0x00, 0x00, 0x00, 
  0x00, 0x00, 0x00, 0x00, 0x00, 0x00, 0x00, 0x00, 0x00, 0x00, 0x00, 0x00, 0x00, 0x00, 0x00, 0x00, 
  0x00, 0x00, 0x00, 0x00, 0x00, 0x00, 0x00, 0x00, 0x00, 0x00, 0x00, 0x00, 0x00, 0x00, 0x00, 0x00, 
  0x00, 0x00, 0x00, 0x00, 0x00, 0x00, 0x00, 0x00, 0x00, 0x00, 0x00, 0x00, 0x00, 0x00, 0x00, 0x00, 
  0x00, 0x00, 0x00, 0x00, 0x00, 0x00, 0x00, 0x00, 0x00, 0x00, 0x00, 0x00, 0x00, 0x00, 0x00, 0x00, 
  0x00, 0x00, 0x00, 0x00, 0x00, 0x00, 0x00, 0x00, 0x00, 0x00, 0x00, 0x00, 0x00, 0x00, 0x00, 0x00, 
  0x00, 0x00, 0x00, 0x00, 0x00, 0x00, 0x00, 0x00, 0x00, 0x00, 0x00, 0x00, 0x00, 0x00, 0x00, 0x00, 
  0x00, 0x00, 0x00, 0x00, 0x00, 0x00, 0x00, 0x00, 0x00, 0x00, 0x00, 0x00, 0x00, 0x00, 0x00, 0x02, 
  0x00, 0x00, 0x00, 0x01, 0x00, 0x00, 0x00, 0x01, 0x18, 0x0a, 0x1c, 0x90, 0x12, 0x08, 0x15, 0xb3, 
  0x09, 0x04, 0x09, 0x6b, 0x03, 0x03, 0x03, 0x43, 0x03, 0x03, 0x03, 0x4b, 0x0b, 0x05, 0x0d, 0x84, 
  0x0d, 0x05, 0x10, 0xad, 0x05, 0x05, 0x05, 0x2e, 0x0c, 0x00, 0x0c, 0x15, 0x0f, 0x05, 0x0f, 0x33, 
  0x13, 0x08, 0x17, 0xdc, 0x17, 0x09, 0x1d, 0xff, 0x13, 0x07, 0x16, 0xf1, 0x06, 0x03, 0x09, 0x4d, 
  0x00, 0x00, 0x00, 0x00, 0x00, 0x00, 0x00, 0x04, 0x00, 0x00, 0x00, 0x00, 0x00, 0x00, 0x00, 0x00, 
  0x00, 0x00, 0x00, 0x00, 0x00, 0x00, 0x00, 0x00, 0x00, 0x00, 0x00, 0x00, 0x00, 0x00, 0x00, 0x00, 
  0x00, 0x00, 0x00, 0x00, 0x00, 0x00, 0x00, 0x00, 0x00, 0x00, 0x00, 0x00, 0x00, 0x00, 0x00, 0x00, 
  0x00, 0x00, 0x00, 0x00, 0x00, 0x00, 0x00, 0x00, 0x00, 0x00, 0x00, 0x00, 0x00, 0x00, 0x00, 0x00, 
  0x00, 0x00, 0x00, 0x00, 0x00, 0x00, 0x00, 0x00, 0x00, 0x00, 0x00, 0x00, 0x00, 0x00, 0x00, 0x00, 
  0x00, 0x00, 0x00, 0x00, 0x00, 0x00, 0x00, 0x00, 0x00, 0x00, 0x00, 0x00, 0x00, 0x00, 0x00, 0x00, 
  0x00, 0x00, 0x00, 0x00, 0x00, 0x00, 0x00, 0x00, 0x00, 0x00, 0x00, 0x00, 0x00, 0x00, 0x00, 0x00, 
  0x00, 0x00, 0x00, 0x00, 0x00, 0x00, 0x00, 0x00, 0x00, 0x00, 0x00, 0x00, 0x00, 0x00, 0x00, 0x00, 
  0x00, 0x00, 0x00, 0x00, 0x00, 0x00, 0x00, 0x00, 0x00, 0x00, 0x00, 0x00, 0x00, 0x00, 0x00, 0x00, 
  0x00, 0x00, 0x00, 0x00, 0x00, 0x00, 0x00, 0x00, 0x00, 0x00, 0x00, 0x00, 0x00, 0x00, 0x00, 0x00, 
  0x00, 0x00, 0x00, 0x00, 0x00, 0x00, 0x00, 0x00, 0x00, 0x00, 0x00, 0x00, 0x00, 0x00, 0x00, 0x00, 
  0x00, 0x00, 0x00, 0x00, 0x00, 0x00, 0x00, 0x00, 0x00, 0x00, 0x00, 0x00, 0x00, 0x00, 0x00, 0x00, 
  0x00, 0x00, 0x00, 0x01, 0x00, 0x00, 0x00, 0x00, 0x00, 0x00, 0x00, 0x00, 0x00, 0x00, 0x00, 0x00, 
  0x00, 0x00, 0x00, 0x00, 0x00, 0x00, 0x00, 0x00, 0x00, 0x00, 0x00, 0x00, 0x00, 0x00, 0x00, 0x00, 
  0x00, 0x00, 0x00, 0x00, 0x00, 0x00, 0x00, 0x00, 0x00, 0x00, 0x00, 0x00, 0x00, 0x00, 0x00, 0x00, 
  0x0f, 0x06, 0x12, 0x51, 0x12, 0x06, 0x15, 0xe1, 0x05, 0x00, 0x05, 0x32, 0x00, 0x00, 0x00, 0x00, 
  0x00, 0x00, 0x00, 0x05, 0x00, 0x00, 0x00, 0x00, 0x00, 0x00, 0x00, 0x00, 0x00, 0x00, 0x00, 0x00, 
  0x00, 0x00, 0x00, 0x00, 0x00, 0x00, 0x00, 0x00, 0x00, 0x00, 0x00, 0x00, 0x00, 0x00, 0x00, 0x00, 
  0x00, 0x00, 0x00, 0x00, 0x00, 0x00, 0x00, 0x00, 0x00, 0x00, 0x00, 0x00, 0x00, 0x00, 0x00, 0x00, 
  0x00, 0x00, 0x00, 0x00, 0x00, 0x00, 0x00, 0x00, 0x00, 0x00, 0x00, 0x00, 0x00, 0x00, 0x00, 0x00, 
  0x00, 0x00, 0x00, 0x00, 0x00, 0x00, 0x00, 0x00, 0x00, 0x00, 0x00, 0x00, 0x00, 0x00, 0x00, 0x00, 
  0x00, 0x00, 0x00, 0x00, 0x00, 0x00, 0x00, 0x00, 0x00, 0x00, 0x00, 0x00, 0x00, 0x00, 0x00, 0x00, 
  0x00, 0x00, 0x00, 0x00, 0x00, 0x00, 0x00, 0x00, 0x00, 0x00, 0x00, 0x00, 0x00, 0x00, 0x00, 0x00, 
  0x00, 0x00, 0x00, 0x00, 0x00, 0x00, 0x00, 0x00, 0x00, 0x00, 0x00, 0x00, 0x00, 0x00, 0x00, 0x00, 
  0x00, 0x00, 0x00, 0x00, 0x00, 0x00, 0x00, 0x00, 0x00, 0x00, 0x00, 0x00, 0x00, 0x00, 0x00, 0x00, 
  0x00, 0x00, 0x00, 0x00, 0x00, 0x00, 0x00, 0x00, 0x00, 0x00, 0x00, 0x00, 0x00, 0x00, 0x00, 0x00, 
  0x00, 0x00, 0x00, 0x00, 0x00, 0x00, 0x00, 0x00, 0x00, 0x00, 0x00, 0x00, 0x00, 0x00, 0x00, 0x00, 
  0x00, 0x00, 0x00, 0x00, 0x00, 0x00, 0x00, 0x00, 0x00, 0x00, 0x00, 0x00, 0x00, 0x00, 0x00, 0x00, 
  0x00, 0x00, 0x00, 0x00, 0x00, 0x00, 0x00, 0x01, 0x00, 0x00, 0x55, 0x03, 0x00, 0x00, 0x7f, 0x02, 
  0x00, 0x00, 0x00, 0x04, 0x00, 0x00, 0x00, 0x03, 0x00, 0x00, 0x00, 0x03, 0x00, 0x00, 0x00, 0x04, 
  0x00, 0x00, 0x00, 0x03, 0x00, 0x00, 0x00, 0x02, 0x00, 0x00, 0x00, 0x01, 0x00, 0x00, 0x00, 0x02, 
  0x00, 0x00, 0x00, 0x05, 0x00, 0x00, 0x00, 0x0f, 0x00, 0x00, 0x00, 0x00, 0x00, 0x00, 0x00, 0x03, 
  0x00, 0x00, 0x00, 0x00, 0x00, 0x00, 0x00, 0x00, 0x00, 0x00, 0x00, 0x00, 0x00, 0x00, 0x00, 0x00, 
  0x00, 0x00, 0x00, 0x00, 0x00, 0x00, 0x00, 0x00, 0x00, 0x00, 0x00, 0x00, 0x00, 0x00, 0x00, 0x00, 
  0x00, 0x00, 0x00, 0x00, 0x00, 0x00, 0x00, 0x00, 0x00, 0x00, 0x00, 0x00, 0x00, 0x00, 0x00, 0x00, 
  0x00, 0x00, 0x00, 0x00, 0x00, 0x00, 0x00, 0x00, 0x00, 0x00, 0x00, 0x00, 0x00, 0x00, 0x00, 0x00, 
  0x00, 0x00, 0x00, 0x00, 0x00, 0x00, 0x00, 0x00, 0x00, 0x00, 0x00, 0x00, 0x00, 0x00, 0x00, 0x00, 
  0x00, 0x00, 0x00, 0x00, 0x00, 0x00, 0x00, 0x00, 0x00, 0x00, 0x00, 0x00, 0x00, 0x00, 0x00, 0x00, 
  0x00, 0x00, 0x00, 0x00, 0x00, 0x00, 0x00, 0x00, 0x00, 0x00, 0x00, 0x00, 0x00, 0x00, 0x00, 0x00, 
  0x00, 0x00, 0x00, 0x00, 0x00, 0x00, 0x00, 0x00, 0x00, 0x00, 0x00, 0x00, 0x00, 0x00, 0x00, 0x00, 
  0x00, 0x00, 0x00, 0x00, 0x00, 0x00, 0x00, 0x00, 0x00, 0x00, 0x00, 0x00, 0x00, 0x00, 0x00, 0x00, 
  0x00, 0x00, 0x00, 0x00, 0x00, 0x00, 0x00, 0x00, 0x00, 0x00, 0x00, 0x00, 0x00, 0x00, 0x00, 0x00, 
  0x00, 0x00, 0x00, 0x00, 0x00, 0x00, 0x00, 0x00, 0x00, 0x00, 0x00, 0x00, 0x00, 0x00, 0x00, 0x00, 
  0x00, 0x00, 0x00, 0x00, 0x00, 0x00, 0x00, 0x00, 0x00, 0x00, 0x00, 0x00, 0x00, 0x00, 0x00, 0x00, 
  0x00, 0x00, 0x00, 0x00, 0x00, 0x00, 0x00, 0x00, 0x00, 0x00, 0x00, 0x00, 0x00, 0x00, 0x00, 0x00, 
  0x00, 0x00, 0x00, 0x00, 0x00, 0x00, 0x00, 0x00, 0x00, 0x00, 0x00, 0x00, 0x00, 0x00, 0x00, 0x00, 
  0x00, 0x00, 0x00, 0x00, 0x00, 0x00, 0x00, 0x00, 0x00, 0x00, 0x00, 0x00, 0x00, 0x00, 0x00, 0x00, 
  0x00, 0x00, 0x00, 0x00, 0x00, 0x00, 0x00, 0x00, 0x00, 0x00, 0x00, 0x02, 0x00, 0x00, 0x00, 0x00, 
  0x00, 0x00, 0x00, 0x00, 0x00, 0x00, 0x00, 0x00, 0x00, 0x00, 0x00, 0x00, 0x00, 0x00, 0x00, 0x00, 
  0x00, 0x00, 0x00, 0x00, 0x00, 0x00, 0x00, 0x00, 0x00, 0x00, 0x00, 0x00, 0x00, 0x00, 0x00, 0x00, 
  0x00, 0x00, 0x00, 0x00, 0x00, 0x00, 0x00, 0x00, 0x00, 0x00, 0x00, 0x00, 0x00, 0x00, 0x00, 0x00, 
  0x00, 0x00, 0x00, 0x00, 0x00, 0x00, 0x00, 0x00, 0x00, 0x00, 0x00, 0x00, 0x00, 0x00, 0x00, 0x00, 
  0x00, 0x00, 0x00, 0x00, 0x00, 0x00, 0x00, 0x00, 0x00, 0x00, 0x00, 0x00, 0x00, 0x00, 0x00, 0x00, 
  0x00, 0x00, 0x00, 0x00, 0x00, 0x00, 0x00, 0x00, 0x00, 0x00, 0x00, 0x00, 0x00, 0x00, 0x00, 0x00, 
  0x00, 0x00, 0x00, 0x00, 0x00, 0x00, 0x00, 0x00, 0x00, 0x00, 0x00, 0x00, 0x00, 0x00, 0x00, 0x00, 
  0x00, 0x00, 0x00, 0x00, 0x00, 0x00, 0x00, 0x00, 0x00, 0x00, 0x00, 0x00, 0x00, 0x00, 0x00, 0x00, 
};

#endif /* CGX_APP_ICON_H */
